Entidad,Codificacion,TipoValor,EntSec,Monto,FechaEmision,FechaVenc,Nodo,Estado,Transmision,TipoOperacion
BIOLATINA SRL,0003-00016981,FACTURA DE COMPRA POS,,"$ 105.581,27",02/12/2025,01/12/2026,FCIA BIOSALUD,INGRESADO,MOSTRADOR,SUC-22-INGRESO Y CONTROL 
,0003-00016982,FACTURA DE COMPRA POS,,"$ 156.236,65",02/12/2025,02/01/2026,FCIA BIOSALUD,INGRESADO,MOSTRADOR,SUC-22-INGRESO Y CONTROL 
,0003-00016983,FACTURA DE COMPRA POS,,"$ 13.600,16",02/12/2025,02/01/2026,FCIA BIOSALUD,INGRESADO,MOSTRADOR,SUC-22-INGRESO Y CONTROL 
,0003-00016999,FACTURA DE COMPRA POS,,"$ 30.002,01",05/12/2025,05/01/2026,FCIA BIOSALUD,INGRESADO,MOSTRADOR,SUC-22-INGRESO Y CONTROL 
,0003-00017001,FACTURA DE COMPRA POS,,"$ 7.501,01",05/12/2025,05/01/2026,BIOSALUD CHACRAS ,INGRESADO,MOSTRADOR,SUC-22-INGRESO Y CONTROL 
,0003-00017035,FACTURA DE COMPRA POS,,"$ 885.329,78",15/12/2025,15/01/2026,FCIA BIOSALUD,INGRESADO,MOSTRADOR,SUC-22-INGRESO Y CONTROL 
,0003-00017059,FACTURA DE COMPRA POS,,"$ 20.570,00",17/12/2025,17/01/2026,BIOSALUD CHACRAS ,INGRESADO,MOSTRADOR,SUC-22-INGRESO Y CONTROL 
,0003-00017080,FACTURA DE COMPRA POS,,"$ 113.767,83",19/12/2025,19/01/2026,FCIA BIOSALUD,INGRESADO,MOSTRADOR,SUC-22-INGRESO Y CONTROL 
,0003-00017079,FACTURA DE COMPRA POS,,"$ 45.003,00",19/12/2025,19/01/2026,FCIA BIOSALUD,INGRESADO,MOSTRADOR,SUC-22-INGRESO Y CONTROL 
,0003-00017078,FACTURA DE COMPRA POS,,"$ 59.584,64",19/12/2025,19/01/2026,FCIA BIOSALUD,INGRESADO,MOSTRADOR,SUC-22-INGRESO Y CONTROL 
,0003-00017091,FACTURA DE COMPRA POS,,"$ 217.745,55",22/12/2025,22/01/2026,FCIA BIOSALUD,INGRESADO,MOSTRADOR,SUC-22-INGRESO Y CONTROL 
,0003-00017086,FACTURA DE COMPRA POS,,"$ 107.016,03",22/12/2025,22/01/2026,FCIA BIOSALUD,INGRESADO,MOSTRADOR,SUC-22-INGRESO Y CONTROL 
,0003-00017096,FACTURA DE COMPRA POS,,"$ 54.329,00",23/12/2025,23/01/2026,FCIA BIOSALUD,INGRESADO,MOSTRADOR,SUC-22-INGRESO Y CONTROL 
,0003-00017095,FACTURA DE COMPRA POS,,"$ 498.081,51",23/12/2025,23/01/2026,FCIA BIOSALUD,INGRESADO,MOSTRADOR,SUC-22-INGRESO Y CONTROL 
,0003-00017112,FACTURA DE COMPRA POS,,"$ 45.003,00",26/12/2025,26/01/2026,FCIA BIOSALUD,INGRESADO,MOSTRADOR,SUC-22-INGRESO Y CONTROL 
,0003-00017115,FACTURA DE COMPRA POS,,"$ 81.021,60",29/12/2025,29/01/2026,FCIA BIOSALUD,INGRESADO,MOSTRADOR,SUC-22-INGRESO Y CONTROL 
,0003-00017124,FACTURA DE COMPRA POS,,"$ 181.984,00",29/12/2025,29/01/2026,FCIA BIOSALUD,INGRESADO,MOSTRADOR,SUC-22-INGRESO Y CONTROL 
COFARMEN (COOP),0018-01224329,FACTURA DE COMPRA POS,,"$ 103.729,16",01/12/2025,01/11/2026,FCIA BIOSALUD,INGRESADO,MOSTRADOR,SUC-22-INGRESO Y CONTROL 
,0018-01225471,FACTURA DE COMPRA POS,,"$ 22.064,93",01/12/2025,01/01/2026,BIOSALUD CHACRAS ,AGRUPADO,MOSTRADOR,PVD-17-ARMAR RESUMEN DE 
,,,,,,,,,,SUC-22-INGRESO Y CONTROL 
,0018-01226059,FACTURA DE COMPRA POS,,"$ 107.492,32",01/12/2025,01/01/2026,FCIA BIOSALUD,INGRESADO,MOSTRADOR,SUC-22-INGRESO Y CONTROL 
,0018-01226060,FACTURA DE COMPRA POS,,"$ 52.738,75",01/12/2025,01/01/2026,FCIA BIOSALUD,INGRESADO,MOSTRADOR,SUC-22-INGRESO Y CONTROL 
,0018-01228737,FACTURA DE COMPRA POS,,"$ 12.146,53",02/12/2025,02/01/2026,BIOSALUD CHACRAS ,AGRUPADO,MOSTRADOR,PVD-17-ARMAR RESUMEN DE 
,,,,,,,,,,SUC-22-INGRESO Y CONTROL 
,0018-01229262,FACTURA DE COMPRA POS,,"$ 1.148.043,11",02/12/2025,02/01/2026,FCIA BIOSALUD,INGRESADO,MOSTRADOR,SUC-22-INGRESO Y CONTROL 
,0018-01229264,FACTURA DE COMPRA POS,,"$ 10.787,27",02/12/2025,02/01/2026,FCIA BIOSALUD,INGRESADO,MOSTRADOR,SUC-22-INGRESO Y CONTROL 
,0018-01229263,FACTURA DE COMPRA POS,,"$ 57.730,71",02/12/2025,01/01/2026,FCIA BIOSALUD,INGRESADO,MOSTRADOR,SUC-22-INGRESO Y CONTROL 
,0018-01229223,FACTURA DE COMPRA POS,,"$ 111.589,59",02/12/2025,02/01/2026,FCIA BIOSALUD,INGRESADO,MOSTRADOR,SUC-22-INGRESO Y CONTROL 
,0018-01229224,FACTURA DE COMPRA POS,,"$ 30.369,85",02/12/2025,02/01/2026,FCIA BIOSALUD,INGRESADO,MOSTRADOR,SUC-22-INGRESO Y CONTROL 
,0018-01231355,FACTURA DE COMPRA POS,,"$ 490.841,04",03/12/2025,03/01/2026,FCIA BIOSALUD,INGRESADO,MOSTRADOR,SUC-22-INGRESO Y CONTROL 
,0018-01230966,FACTURA DE COMPRA POS,,"$ 154.246,61",03/12/2025,03/01/2026,FCIA BIOSALUD,INGRESADO,MOSTRADOR,SUC-22-INGRESO Y CONTROL 
,0018-01232433,FACTURA DE COMPRA POS,,"$ 42.086,45",03/12/2025,03/01/2026,FCIA BIOSALUD,INGRESADO,MOSTRADOR,SUC-22-INGRESO Y CONTROL 
,0018-01235481,FACTURA DE COMPRA,,"$ 0,01",04/12/2025,03/01/2026,FCIA BIOSALUD,INGRESADO,,PVD-03-INGRESAR FACTURA 
,0018-01234130,FACTURA DE COMPRA POS,,"$ 39.895,94",04/12/2025,04/01/2026,FCIA BIOSALUD,INGRESADO,MOSTRADOR,SUC-22-INGRESO Y CONTROL 
,0018-01235289,FACTURA DE COMPRA POS,,"$ 41.994,60",04/12/2025,04/01/2026,BIOSALUD CHACRAS ,AGRUPADO,MOSTRADOR,PVD-17-ARMAR RESUMEN DE 
,,,,,,,,,,SUC-22-INGRESO Y CONTROL 
,0018-01235700,FACTURA DE COMPRA POS,,"$ 5.427,90",04/12/2025,04/01/2026,BIOSALUD CHACRAS ,AGRUPADO,MOSTRADOR,PVD-17-ARMAR RESUMEN DE 
,,,,,,,,,,SUC-22-INGRESO Y CONTROL 
,0018-01235886,FACTURA DE COMPRA POS,,"$ 19.517,58",04/12/2025,04/01/2026,FCIA BIOSALUD,INGRESADO,MOSTRADOR,SUC-22-INGRESO Y CONTROL 
,0018-01237236,FACTURA DE COMPRA POS,,"$ 201.686,97",05/12/2025,05/01/2026,FCIA BIOSALUD,INGRESADO,MOSTRADOR,SUC-22-INGRESO Y CONTROL 
,0018-01237611,FACTURA DE COMPRA POS,,"$ 189.559,10",05/12/2025,05/01/2026,FCIA BIOSALUD,INGRESADO,MOSTRADOR,SUC-22-INGRESO Y CONTROL 
,0018-01237612,FACTURA DE COMPRA POS,,"$ 28.940,01",05/12/2025,05/01/2026,FCIA BIOSALUD,INGRESADO,MOSTRADOR,SUC-22-INGRESO Y CONTROL 
,0018-01238491,FACTURA DE COMPRA POS,,"$ 17.501,11",05/12/2025,05/01/2026,BIOSALUD CHACRAS ,AGRUPADO,MOSTRADOR,PVD-17-ARMAR RESUMEN DE 
,,,,,,,,,,SUC-22-INGRESO Y CONTROL 
,0018-01238919,FACTURA DE COMPRA POS,,"$ 0,03",05/12/2025,05/01/2026,FCIA BIOSALUD,INGRESADO,MOSTRADOR,SUC-22-INGRESO Y CONTROL 
,0018-01240613,FACTURA DE COMPRA POS,,"$ 2.308,97",06/12/2025,06/06/2026,FCIA BIOSALUD,INGRESADO,MOSTRADOR,SUC-22-INGRESO Y CONTROL 
,0018-01243982,FACTURA DE COMPRA POS,,"$ 3.284,48",09/12/2025,09/01/2026,BIOSALUD CHACRAS ,AGRUPADO,MOSTRADOR,PVD-17-ARMAR RESUMEN DE 
,,,,,,,,,,SUC-22-INGRESO Y CONTROL 
,,,,,,,,,,FTW-02-DESHACER 
,,,,,,,,,,FTW-01-EDITAR VALORES
,0018-01244376,FACTURA DE COMPRA POS,,"$ 53.881,10",09/12/2025,09/01/2026,BIOSALUD CHACRAS ,AGRUPADO,MOSTRADOR,PVD-17-ARMAR RESUMEN DE 
,,,,,,,,,,SUC-22-INGRESO Y CONTROL 
,,,,,,,,,,FTW-02-DESHACER 
,,,,,,,,,,FTW-01-EDITAR VALORES
,0018-01244760,FACTURA DE COMPRA POS,,"$ 7.075,46",09/12/2025,09/01/2026,FCIA BIOSALUD,INGRESADO,MOSTRADOR,SUC-22-INGRESO Y CONTROL 
,0018-01244525,FACTURA DE COMPRA POS,,"$ 65.738,08",09/12/2025,09/01/2026,FCIA BIOSALUD,INGRESADO,MOSTRADOR,SUC-22-INGRESO Y CONTROL 
,0018-01244524,FACTURA DE COMPRA POS,,"$ 105.433,17",09/12/2025,09/01/2026,FCIA BIOSALUD,INGRESADO,MOSTRADOR,SUC-22-INGRESO Y CONTROL 
,0018-01246671,FACTURA DE COMPRA,,"$ 39.705,32",10/12/2025,09/01/2026,FCIA BIOSALUD,INGRESADO,,PVD-03-INGRESAR FACTURA 
,0018-01246527,FACTURA DE COMPRA POS,,"$ 21.269,92",10/12/2025,10/01/2026,FCIA BIOSALUD,INGRESADO,MOSTRADOR,SUC-22-INGRESO Y CONTROL 
,0018-01246528,FACTURA DE COMPRA POS,,"$ 6.972,56",10/12/2025,10/01/2026,FCIA BIOSALUD,INGRESADO,MOSTRADOR,SUC-22-INGRESO Y CONTROL 
,0018-01248366,FACTURA DE COMPRA POS,,"$ 246.078,71",10/12/2025,10/01/2026,BIOSALUD CHACRAS ,AGRUPADO,MOSTRADOR,PVD-17-ARMAR RESUMEN DE 
,,,,,,,,,,SUC-22-INGRESO Y CONTROL 
,0018-01247627,FACTURA DE COMPRA POS,,"$ 129.690,13",10/12/2025,10/01/2026,BIOSALUD CHACRAS ,AGRUPADO,MOSTRADOR,PVD-17-ARMAR RESUMEN DE 
,,,,,,,,,,SUC-22-INGRESO Y CONTROL 
,0018-01247626,FACTURA DE COMPRA POS,,"$ 25.998,89",10/12/2025,10/01/2026,BIOSALUD CHACRAS ,AGRUPADO,MOSTRADOR,PVD-17-ARMAR RESUMEN DE 
,,,,,,,,,,SUC-22-INGRESO Y CONTROL 
,0018-01248503,FACTURA DE COMPRA POS,,"$ 593.616,77",10/12/2025,10/01/2026,FCIA BIOSALUD,INGRESADO,MOSTRADOR,SUC-22-INGRESO Y CONTROL 
,0018-01249458,FACTURA DE COMPRA POS,,"$ 13.249,75",11/12/2025,11/01/2026,BIOSALUD CHACRAS ,AGRUPADO,MOSTRADOR,PVD-17-ARMAR RESUMEN DE 
,,,,,,,,,,SUC-22-INGRESO Y CONTROL 
,0018-01250243,FACTURA DE COMPRA POS,,"$ 104.343,16",11/12/2025,11/01/2026,FCIA BIOSALUD,INGRESADO,MOSTRADOR,SUC-22-INGRESO Y CONTROL 
,0018-01250244,FACTURA DE COMPRA POS,,"$ 84.099,04",11/12/2025,11/01/2026,FCIA BIOSALUD,INGRESADO,MOSTRADOR,SUC-22-INGRESO Y CONTROL 
,0018-01249894,FACTURA DE COMPRA POS,,"$ 91.914,40",11/12/2025,11/01/2026,FCIA BIOSALUD,INGRESADO,MOSTRADOR,SUC-22-INGRESO Y CONTROL 
,0018-01249893,FACTURA DE COMPRA POS,,"$ 34.227,38",11/12/2025,11/01/2026,FCIA BIOSALUD,INGRESADO,MOSTRADOR,SUC-22-INGRESO Y CONTROL 
,0018-01250105,FACTURA DE COMPRA POS,,"$ 116.004,79",11/12/2025,11/01/2026,FCIA BIOSALUD,INGRESADO,MOSTRADOR,SUC-22-INGRESO Y CONTROL 
,0018-01249923,FACTURA DE COMPRA POS,,"$ 154.511,55",11/12/2025,11/01/2026,FCIA BIOSALUD,INGRESADO,MOSTRADOR,SUC-22-INGRESO Y CONTROL 
,0018-01250143,FACTURA DE COMPRA POS,,"$ 301.060,08",11/12/2025,11/01/2026,FCIA BIOSALUD,INGRESADO,MOSTRADOR,SUC-22-INGRESO Y CONTROL 
,0018-01249852,FACTURA DE COMPRA POS,,"$ 21.558,51",11/12/2025,11/01/2026,FCIA BIOSALUD,INGRESADO,MOSTRADOR,SUC-22-INGRESO Y CONTROL 
,0018-01249802,FACTURA DE COMPRA POS,,"$ 462.703,26",11/12/2025,11/01/2026,FCIA BIOSALUD,INGRESADO,MOSTRADOR,SUC-22-INGRESO Y CONTROL 
,0018-01249803,FACTURA DE COMPRA POS,,"$ 101.583,38",11/12/2025,11/01/2026,FCIA BIOSALUD,INGRESADO,MOSTRADOR,SUC-22-INGRESO Y CONTROL 
,0018-01249846,FACTURA DE COMPRA POS,,"$ 21.558,51",11/12/2025,11/01/2026,FCIA BIOSALUD,INGRESADO,MOSTRADOR,SUC-22-INGRESO Y CONTROL 
,0018-01251113,FACTURA DE COMPRA POS,,"$ 122.770,15",11/12/2025,11/01/2026,BIOSALUD CHACRAS ,AGRUPADO,MOSTRADOR,PVD-17-ARMAR RESUMEN DE 
,,,,,,,,,,SUC-22-INGRESO Y CONTROL 
,0018-01252943,FACTURA DE COMPRA POS,,"$ 160.358,62",12/12/2025,12/01/2026,BIOSALUD CHACRAS ,AGRUPADO,MOSTRADOR,PVD-17-ARMAR RESUMEN DE 
,,,,,,,,,,SUC-22-INGRESO Y CONTROL 
,0018-01253490,FACTURA DE COMPRA POS,,"$ 255.287,58",12/12/2025,12/01/2026,FCIA BIOSALUD,INGRESADO,MOSTRADOR,SUC-22-INGRESO Y CONTROL 
,0018-01253432,FACTURA DE COMPRA POS,,"$ 9.778,12",12/12/2025,12/01/2026,FCIA BIOSALUD,INGRESADO,MOSTRADOR,SUC-22-INGRESO Y CONTROL 
,0018-01253431,FACTURA DE COMPRA POS,,"$ 296.806,50",12/12/2025,12/01/2026,FCIA BIOSALUD,INGRESADO,MOSTRADOR,SUC-22-INGRESO Y CONTROL 
,0018-01253457,FACTURA DE COMPRA POS,,"$ 87.141,63",12/12/2025,12/01/2026,FCIA BIOSALUD,INGRESADO,MOSTRADOR,SUC-22-INGRESO Y CONTROL 
,0018-001253458,FACTURA DE COMPRA POS,,"$ 148.867,24",12/12/2025,12/01/2026,FCIA BIOSALUD,INGRESADO,MOSTRADOR,SUC-22-INGRESO Y CONTROL 
,0018-01253402,FACTURA DE COMPRA POS,,"$ 56.644,90",12/12/2025,12/01/2026,FCIA BIOSALUD,INGRESADO,MOSTRADOR,SUC-22-INGRESO Y CONTROL 
,0018-01253401,FACTURA DE COMPRA POS,,"$ 961.843,80",12/12/2025,12/01/2026,FCIA BIOSALUD,INGRESADO,MOSTRADOR,SUC-22-INGRESO Y CONTROL 
,0018-01260308,FACTURA DE COMPRA POS,,"$ 19.227,44",15/12/2025,15/01/2026,BIOSALUD CHACRAS ,AGRUPADO,MOSTRADOR,PVD-17-ARMAR RESUMEN DE 
,,,,,,,,,,SUC-22-INGRESO Y CONTROL 
,0018-01260803,FACTURA DE COMPRA POS,,"$ 129.386,39",15/12/2025,15/01/2026,FCIA BIOSALUD,INGRESADO,MOSTRADOR,SUC-22-INGRESO Y CONTROL 
,0018-01260804,FACTURA DE COMPRA POS,,"$ 18.959,91",15/12/2025,15/01/2026,FCIA BIOSALUD,INGRESADO,MOSTRADOR,SUC-22-INGRESO Y CONTROL 
,0018-01262980,FACTURA DE COMPRA POS,,"$ 18.246,38",16/12/2025,16/01/2026,FCIA BIOSALUD,INGRESADO,MOSTRADOR,SUC-22-INGRESO Y CONTROL 
,0018-01262904,FACTURA DE COMPRA POS,,"$ 38.804,35",16/12/2025,16/01/2026,FCIA BIOSALUD,INGRESADO,MOSTRADOR,SUC-22-INGRESO Y CONTROL 
,0018-01262903,FACTURA DE COMPRA POS,,"$ 136.712,73",16/12/2025,16/01/2026,FCIA BIOSALUD,INGRESADO,MOSTRADOR,SUC-22-INGRESO Y CONTROL 
,0018-01265860,FACTURA DE COMPRA POS,,"$ 10.398,55",17/12/2025,17/01/2026,FCIA BIOSALUD,INGRESADO,MOSTRADOR,SUC-22-INGRESO Y CONTROL 
,001801267308/,FACTURA DE COMPRA POS,,"$ 131.967,91",17/12/2025,17/01/2026,BIOSALUD CHACRAS ,AGRUPADO,MOSTRADOR,PVD-17-ARMAR RESUMEN DE 
,,,,,,,,,,SUC-22-INGRESO Y CONTROL 
,0018-01267714,FACTURA DE COMPRA POS,,"$ 3.310,46",17/12/2025,17/01/2026,BIOSALUD CHACRAS ,AGRUPADO,MOSTRADOR,PVD-17-ARMAR RESUMEN DE 
,,,,,,,,,,SUC-22-INGRESO Y CONTROL 
,0018-01267337,FACTURA DE COMPRA POS,,"$ 3.485,93",17/12/2025,17/01/2026,BIOSALUD CHACRAS ,AGRUPADO,MOSTRADOR,PVD-17-ARMAR RESUMEN DE 
,,,,,,,,,,SUC-22-INGRESO Y CONTROL 
,0018-01267309,FACTURA DE COMPRA POS,,"$ 6.971,87",17/12/2025,17/01/2026,BIOSALUD CHACRAS ,AGRUPADO,MOSTRADOR,PVD-17-ARMAR RESUMEN DE 
,,,,,,,,,,SUC-22-INGRESO Y CONTROL 
,0018-01267336,FACTURA DE COMPRA POS,,"$ 59.491,67",17/12/2025,17/01/2026,BIOSALUD CHACRAS ,AGRUPADO,MOSTRADOR,PVD-17-ARMAR RESUMEN DE 
,,,,,,,,,,SUC-22-INGRESO Y CONTROL 
,0018-01267713,FACTURA DE COMPRA POS,,"$ 230.456,68",17/12/2025,17/01/2026,BIOSALUD CHACRAS ,AGRUPADO,MOSTRADOR,PVD-17-ARMAR RESUMEN DE 
,,,,,,,,,,SUC-22-INGRESO Y CONTROL 
,0018-01267441,FACTURA DE COMPRA POS,,"$ 14.784,96",17/12/2025,17/01/2026,FCIA BIOSALUD,INGRESADO,MOSTRADOR,SUC-22-INGRESO Y CONTROL 
,0018-01271122,FACTURA DE COMPRA POS,,"$ 1.036.408,04",18/12/2025,18/01/2026,FCIA BIOSALUD,INGRESADO,MOSTRADOR,SUC-22-INGRESO Y CONTROL 
,0018-01271123,FACTURA DE COMPRA POS,,"$ 30.766,11",18/12/2025,18/01/2026,FCIA BIOSALUD,INGRESADO,MOSTRADOR,SUC-22-INGRESO Y CONTROL 
,0018-01271212,FACTURA DE COMPRA POS,,"$ 6.829,00",18/12/2025,18/01/2026,FCIA BIOSALUD,INGRESADO,MOSTRADOR,SUC-22-INGRESO Y CONTROL 
,0018-01271211,FACTURA DE COMPRA POS,,"$ 465.275,61",18/12/2025,18/01/2026,FCIA BIOSALUD,INGRESADO,MOSTRADOR,SUC-22-INGRESO Y CONTROL 
,0018-01273259,FACTURA DE COMPRA POS,,"$ 17.638,72",19/12/2025,19/01/2026,FCIA BIOSALUD,INGRESADO,MOSTRADOR,SUC-22-INGRESO Y CONTROL 
,,,,,,,,,,FTW-02-DESHACER 
,,,,,,,,,,FTW-01-EDITAR VALORES
,0018-01273211,FACTURA DE COMPRA POS,,"$ 195.413,98",19/12/2025,19/01/2026,BIOSALUD CHACRAS ,AGRUPADO,MOSTRADOR,PVD-17-ARMAR RESUMEN DE 
,,,,,,,,,,SUC-22-INGRESO Y CONTROL 
,0018-01272750,FACTURA DE COMPRA POS,,"$ 206.106,33",19/12/2025,19/01/2026,BIOSALUD CHACRAS ,AGRUPADO,MOSTRADOR,PVD-17-ARMAR RESUMEN DE 
,,,,,,,,,,SUC-22-INGRESO Y CONTROL 
,0018-01273286,FACTURA DE COMPRA POS,,"$ 62.431,07",19/12/2025,19/01/2026,FCIA BIOSALUD,INGRESADO,MOSTRADOR,SUC-22-INGRESO Y CONTROL 
,0018-01273258,FACTURA DE COMPRA POS,,"$ 279.802,95",19/12/2025,19/01/2026,FCIA BIOSALUD,INGRESADO,MOSTRADOR,SUC-22-INGRESO Y CONTROL 
,0018-01273287,FACTURA DE COMPRA POS,,"$ 27.629,96",19/12/2025,19/01/2026,FCIA BIOSALUD,INGRESADO,MOSTRADOR,SUC-22-INGRESO Y CONTROL 
,0018-01272595,FACTURA DE COMPRA POS,,"$ 239.509,23",19/12/2025,19/01/2026,BIOSALUD CHACRAS ,AGRUPADO,MOSTRADOR,PVD-17-ARMAR RESUMEN DE 
,,,,,,,,,,SUC-22-INGRESO Y CONTROL 
,0018-01272596,FACTURA DE COMPRA POS,,"$ 126.260,19",19/12/2025,19/01/2026,BIOSALUD CHACRAS ,INGRESADO,MOSTRADOR,SUC-22-INGRESO Y CONTROL 
,0018-01272607,FACTURA DE COMPRA POS,,"$ 21.558,51",19/12/2025,19/01/2026,BIOSALUD CHACRAS ,AGRUPADO,MOSTRADOR,PVD-17-ARMAR RESUMEN DE 
,,,,,,,,,,SUC-22-INGRESO Y CONTROL 
,0018-01276631,FACTURA DE COMPRA POS,,"$ 20.765,26",20/12/2025,20/01/2026,FCIA BIOSALUD,INGRESADO,MOSTRADOR,SUC-22-INGRESO Y CONTROL 
,0018-01277073,FACTURA DE COMPRA POS,,"$ 98.385,48",20/12/2025,20/01/2026,FCIA BIOSALUD,INGRESADO,MOSTRADOR,SUC-22-INGRESO Y CONTROL 
,0018-01280909,FACTURA DE COMPRA,,"$ 6.821,65",22/12/2025,22/01/2026,FCIA BIOSALUD,INGRESADO,,PVD-03-INGRESAR FACTURA 
,0018-01280453,FACTURA DE COMPRA POS,,"$ 30.413,79",22/12/2025,22/01/2026,BIOSALUD CHACRAS ,AGRUPADO,MOSTRADOR,PVD-17-ARMAR RESUMEN DE 
,,,,,,,,,,SUC-22-INGRESO Y CONTROL 
,0018-01280454,FACTURA DE COMPRA POS,,"$ 18.037,17",22/12/2025,22/01/2026,BIOSALUD CHACRAS ,INGRESADO,MOSTRADOR,SUC-22-INGRESO Y CONTROL 
,0018-01281258,FACTURA DE COMPRA POS,,"$ 4.897,17",22/12/2025,22/01/2026,FCIA BIOSALUD,INGRESADO,MOSTRADOR,SUC-22-INGRESO Y CONTROL 
,0018-01280908,FACTURA DE COMPRA POS,,"$ 145.206,99",22/12/2025,22/01/2026,FCIA BIOSALUD,INGRESADO,MOSTRADOR,SUC-22-INGRESO Y CONTROL 
,0018-01282380,FACTURA DE COMPRA POS,,"$ 37.166,06",23/12/2025,23/01/2026,BIOSALUD CHACRAS ,AGRUPADO,MOSTRADOR,PVD-17-ARMAR RESUMEN DE 
,,,,,,,,,,SUC-22-INGRESO Y CONTROL 
,0018-01282374,FACTURA DE COMPRA POS,,"$ 4.531,58",23/12/2025,23/01/2026,BIOSALUD CHACRAS ,AGRUPADO,MOSTRADOR,PVD-17-ARMAR RESUMEN DE 
,,,,,,,,,,SUC-22-INGRESO Y CONTROL 
,0018-01282379,FACTURA DE COMPRA POS,,"$ 1.812,63",23/12/2025,23/01/2026,BIOSALUD CHACRAS ,AGRUPADO,MOSTRADOR,PVD-17-ARMAR RESUMEN DE 
,,,,,,,,,,SUC-22-INGRESO Y CONTROL 
,0018-01282335,FACTURA DE COMPRA POS,,"$ 30.814,71",23/12/2025,23/01/2026,BIOSALUD CHACRAS ,AGRUPADO,MOSTRADOR,PVD-17-ARMAR RESUMEN DE 
,,,,,,,,,,SUC-22-INGRESO Y CONTROL 
,0018-01283189,FACTURA DE COMPRA POS,,"$ 17.564,78",23/12/2025,23/01/2026,FCIA BIOSALUD,INGRESADO,MOSTRADOR,SUC-22-INGRESO Y CONTROL 
,0018-01283188,FACTURA DE COMPRA POS,,"$ 125.256,90",23/12/2025,23/01/2026,FCIA BIOSALUD,INGRESADO,MOSTRADOR,SUC-22-INGRESO Y CONTROL 
,0018-01282419,FACTURA DE COMPRA POS,,"$ 30.814,71",23/12/2025,23/01/2026,BIOSALUD CHACRAS ,AGRUPADO,MOSTRADOR,PVD-17-ARMAR RESUMEN DE 
,,,,,,,,,,SUC-22-INGRESO Y CONTROL 
,0018-01283468,FACTURA DE COMPRA POS,,"$ 1.637.853,59",23/12/2025,23/01/2026,BIOSALUD CHACRAS ,INGRESADO,MOSTRADOR,SUC-22-INGRESO Y CONTROL 
,0018-01284422,FACTURA DE COMPRA POS,,"$ 21.854,89",23/12/2025,23/01/2026,BIOSALUD CHACRAS ,INGRESADO,MOSTRADOR,SUC-22-INGRESO Y CONTROL 
,0018-01285294,FACTURA DE COMPRA POS,,"$ 30.593,17",23/12/2025,23/01/2026,FCIA BIOSALUD,INGRESADO,MOSTRADOR,SUC-22-INGRESO Y CONTROL 
,0018-01284787,FACTURA DE COMPRA POS,,"$ 0,01",23/12/2025,23/01/2026,FCIA BIOSALUD,INGRESADO,MOSTRADOR,SUC-22-INGRESO Y CONTROL 
,0018-01286860,FACTURA DE COMPRA POS,,"$ 167.917,62",24/12/2025,24/01/2026,BIOSALUD CHACRAS ,AGRUPADO,MOSTRADOR,PVD-17-ARMAR RESUMEN DE 
,,,,,,,,,,SUC-22-INGRESO Y CONTROL 
,,,,,,,,,,FTW-02-DESHACER 
,,,,,,,,,,FTW-01-EDITAR VALORES
,0018-01286965,FACTURA DE COMPRA POS,,"$ 256.680,34",24/12/2025,24/01/2026,BIOSALUD CHACRAS ,AGRUPADO,MOSTRADOR,PVD-17-ARMAR RESUMEN DE 
,,,,,,,,,,SUC-22-INGRESO Y CONTROL 
,0018-01287876,FACTURA DE COMPRA POS,,"$ 2.879.244,09",24/12/2025,24/01/2026,BIOSALUD CHACRAS ,AGRUPADO,MOSTRADOR,PVD-17-ARMAR RESUMEN DE 
,,,,,,,,,,SUC-22-INGRESO Y CONTROL 
,0018-01286966,FACTURA DE COMPRA POS,,"$ 107.355,71",24/12/2025,24/01/2026,BIOSALUD CHACRAS ,INGRESADO,MOSTRADOR,SUC-22-INGRESO Y CONTROL 
,0018-01286744,FACTURA DE COMPRA POS,,"$ 66.614,43",24/12/2025,24/01/2026,BIOSALUD CHACRAS ,INGRESADO,MOSTRADOR,SUC-22-INGRESO Y CONTROL 
,0018-01286720,FACTURA DE COMPRA POS,,"$ 4.385,35",24/12/2025,24/01/2026,BIOSALUD CHACRAS ,INGRESADO,MOSTRADOR,SUC-22-INGRESO Y CONTROL 
,0018-01286719,FACTURA DE COMPRA POS,,"$ 102.564,59",24/12/2025,24/01/2026,BIOSALUD CHACRAS ,AGRUPADO,MOSTRADOR,PVD-17-ARMAR RESUMEN DE 
,,,,,,,,,,SUC-22-INGRESO Y CONTROL 
,0018-01288671,FACTURA DE COMPRA POS,,"$ 76.115,83",26/12/2025,26/01/2026,BIOSALUD CHACRAS ,AGRUPADO,MOSTRADOR,PVD-17-ARMAR RESUMEN DE 
,,,,,,,,,,SUC-22-INGRESO Y CONTROL 
,0018-01289570,FACTURA DE COMPRA POS,,"$ 21.791,95",26/12/2025,26/01/2026,FCIA BIOSALUD,INGRESADO,MOSTRADOR,SUC-22-INGRESO Y CONTROL 
,0018-01289447,FACTURA DE COMPRA POS,,"$ 54.172,84",26/12/2025,26/01/2026,FCIA BIOSALUD,INGRESADO,MOSTRADOR,SUC-22-INGRESO Y CONTROL 
,0018-01289446,FACTURA DE COMPRA POS,,"$ 910.100,02",26/12/2025,26/01/2026,FCIA BIOSALUD,INGRESADO,MOSTRADOR,SUC-22-INGRESO Y CONTROL 
,0018-01289571,FACTURA DE COMPRA POS,,"$ 401.166,34",26/12/2025,26/01/2026,FCIA BIOSALUD,INGRESADO,MOSTRADOR,SUC-22-INGRESO Y CONTROL 
,0018-01289345,FACTURA DE COMPRA POS,,"$ 80.357,46",26/12/2025,26/01/2026,FCIA BIOSALUD,INGRESADO,MOSTRADOR,SUC-22-INGRESO Y CONTROL 
,0018-01289346,FACTURA DE COMPRA POS,,"$ 32.505,07",26/12/2025,26/01/2026,FCIA BIOSALUD,INGRESADO,MOSTRADOR,SUC-22-INGRESO Y CONTROL 
,0018-01290933,FACTURA DE COMPRA POS,,"$ 176.824,91",26/12/2025,26/01/2026,BIOSALUD CHACRAS ,AGRUPADO,MOSTRADOR,PVD-17-ARMAR RESUMEN DE 
,,,,,,,,,,SUC-22-INGRESO Y CONTROL 
,0018-01293724,FACTURA DE COMPRA POS,,"$ 107.008,72",27/12/2025,27/01/2026,FCIA BIOSALUD,INGRESADO,MOSTRADOR,SUC-22-INGRESO Y CONTROL 
,0018-01293723,FACTURA DE COMPRA POS,,"$ 113.477,38",27/12/2025,27/01/2026,FCIA BIOSALUD,INGRESADO,MOSTRADOR,SUC-22-INGRESO Y CONTROL 
,0018-01293951,FACTURA DE COMPRA POS,,"$ 12.043,28",27/12/2025,27/01/2026,FCIA BIOSALUD,INGRESADO,MOSTRADOR,SUC-22-INGRESO Y CONTROL 
,0018-01293696,FACTURA DE COMPRA POS,,"$ 68.853,90",27/12/2025,27/01/2026,FCIA BIOSALUD,INGRESADO,MOSTRADOR,SUC-22-INGRESO Y CONTROL 
,0018-01293697,FACTURA DE COMPRA POS,,"$ 85.311,22",27/12/2025,27/01/2026,FCIA BIOSALUD,INGRESADO,MOSTRADOR,SUC-22-INGRESO Y CONTROL 
,0018-01293650,FACTURA DE COMPRA POS,,"$ 92.057,37",27/12/2025,27/01/2026,FCIA BIOSALUD,INGRESADO,MOSTRADOR,SUC-22-INGRESO Y CONTROL 
,0018-01293651,FACTURA DE COMPRA POS,,"$ 112.996,19",27/12/2025,27/01/2026,FCIA BIOSALUD,INGRESADO,MOSTRADOR,SUC-22-INGRESO Y CONTROL 
,0018-01295410,FACTURA DE COMPRA POS,,"$ 704.182,14",27/12/2025,26/01/2026,FCIA BIOSALUD,INGRESADO,MOSTRADOR,SUC-22-INGRESO Y CONTROL 
,0018-01295409,FACTURA DE COMPRA POS,,"$ 460.757,53",27/12/2025,27/01/2026,FCIA BIOSALUD,INGRESADO,MOSTRADOR,SUC-22-INGRESO Y CONTROL 
,0018-01295411,FACTURA DE COMPRA POS,,"$ 33.021,66",27/12/2025,27/01/2026,FCIA BIOSALUD,INGRESADO,MOSTRADOR,SUC-22-INGRESO Y CONTROL 
,0018-01296214,FACTURA DE COMPRA POS,,"$ 4.156,55",29/12/2025,29/01/2026,FCIA BIOSALUD,INGRESADO,MOSTRADOR,SUC-22-INGRESO Y CONTROL 
,0018-01296215,FACTURA DE COMPRA POS,,"$ 139.866,28",29/12/2025,29/01/2026,FCIA BIOSALUD,INGRESADO,MOSTRADOR,SUC-22-INGRESO Y CONTROL 
,0018-01298215,FACTURA DE COMPRA POS,,"$ 70.635,20",29/12/2025,29/01/2026,FCIA BIOSALUD,INGRESADO,MOSTRADOR,SUC-22-INGRESO Y CONTROL 
,0018-01298216,FACTURA DE COMPRA POS,,"$ 5.512,30",29/12/2025,29/01/2026,FCIA BIOSALUD,INGRESADO,MOSTRADOR,SUC-22-INGRESO Y CONTROL 
,0018-01296062,FACTURA DE COMPRA POS,,"$ 77.918,66",29/12/2025,29/01/2026,BIOSALUD CHACRAS ,INGRESADO,MOSTRADOR,SUC-22-INGRESO Y CONTROL 
,0018-01296061,FACTURA DE COMPRA POS,,"$ 217.883,03",29/12/2025,29/01/2026,BIOSALUD CHACRAS ,INGRESADO,MOSTRADOR,SUC-22-INGRESO Y CONTROL 
,0018-01295999,FACTURA DE COMPRA POS,,"$ 124.969,14",29/12/2025,29/01/2026,BIOSALUD CHACRAS ,INGRESADO,MOSTRADOR,SUC-22-INGRESO Y CONTROL 
,0018-01296000,FACTURA DE COMPRA POS,,"$ 30.286,48",29/12/2025,29/01/2026,BIOSALUD CHACRAS ,INGRESADO,MOSTRADOR,SUC-22-INGRESO Y CONTROL 
,0018-01295920,FACTURA DE COMPRA POS,,"$ 135.218,11",29/12/2025,29/01/2026,BIOSALUD CHACRAS ,INGRESADO,MOSTRADOR,SUC-22-INGRESO Y CONTROL 
,0018-01295919,FACTURA DE COMPRA POS,,"$ 133.146,93",29/12/2025,29/01/2026,BIOSALUD CHACRAS ,INGRESADO,MOSTRADOR,SUC-22-INGRESO Y CONTROL 
,0018-01302456,FACTURA DE COMPRA POS,,"$ 5.512,30",30/12/2025,30/01/2026,FCIA BIOSALUD,INGRESADO,MOSTRADOR,SUC-22-INGRESO Y CONTROL 
,0018-01302455,FACTURA DE COMPRA POS,,"$ 25.811,54",30/12/2025,30/01/2026,FCIA BIOSALUD,INGRESADO,MOSTRADOR,SUC-22-INGRESO Y CONTROL 
,0018-01302454,FACTURA DE COMPRA POS,,"$ 38.047,35",30/12/2025,30/01/2026,FCIA BIOSALUD,INGRESADO,MOSTRADOR,SUC-22-INGRESO Y CONTROL 
,0018-01305059,FACTURA DE COMPRA POS,,"$ 76.146,87",31/12/2025,31/01/2026,FCIA BIOSALUD,INGRESADO,MOSTRADOR,SUC-22-INGRESO Y CONTROL 
,0018-01305058,FACTURA DE COMPRA POS,,"$ 123.045,78",31/12/2025,31/01/2026,FCIA BIOSALUD,INGRESADO,MOSTRADOR,SUC-22-INGRESO Y CONTROL 
,0018-01305304,FACTURA DE COMPRA POS,,"$ 71.542,41",31/12/2025,31/01/2026,BIOSALUD CHACRAS ,INGRESADO,MOSTRADOR,SUC-22-INGRESO Y CONTROL 
,0018-01305310,FACTURA DE COMPRA POS,,"$ 0,04",31/12/2025,31/01/2026,FCIA BIOSALUD,INGRESADO,MOSTRADOR,SUC-22-INGRESO Y CONTROL 
,0018-01305311,FACTURA DE COMPRA POS,,"$ 0,04",31/12/2025,31/01/2026,FCIA BIOSALUD,INGRESADO,MOSTRADOR,SUC-22-INGRESO Y CONTROL 
DEL SUD SA (DROG),0131-00584974,NOTA DE CREDITO DE ,,"-$ 16.163,98",01/12/2025,31/12/2025,FCIA BIOSALUD,AGRUPADO,,PVD-17-ARMAR RESUMEN DE 
,,,,,,,,,,PVD-07-INGRESAR NOTA DE 
,0131-00584982,NOTA DE CREDITO DE ,,"-$ 9.225,56",01/12/2025,31/12/2025,FCIA BIOSALUD,AGRUPADO,,PVD-17-ARMAR RESUMEN DE 
,,,,,,,,,,PVD-07-INGRESAR NOTA DE 
,0131-03701436,FACTURA DE COMPRA POS,,"$ 56.392,59",01/12/2025,01/01/2026,BIOSALUD CHACRAS ,AGRUPADO,MOSTRADOR,PVD-17-ARMAR RESUMEN DE 
,,,,,,,,,,SUC-22-INGRESO Y CONTROL 
,0131-03701506,FACTURA DE COMPRA POS,,"$ 96.767,32",01/12/2025,01/01/2026,FCIA BIOSALUD,AGRUPADO,MOSTRADOR,PVD-17-ARMAR RESUMEN DE 
,,,,,,,,,,SUC-22-INGRESO Y CONTROL 
,0131-03701505,FACTURA DE COMPRA POS,,"$ 1.246.842,46",01/12/2025,01/01/2026,FCIA BIOSALUD,AGRUPADO,MOSTRADOR,PVD-17-ARMAR RESUMEN DE 
,,,,,,,,,,SUC-22-INGRESO Y CONTROL 
,0131-03701579,FACTURA DE COMPRA POS,,"$ 9.552,78",01/12/2025,01/01/2026,FCIA BIOSALUD,AGRUPADO,MOSTRADOR,PVD-17-ARMAR RESUMEN DE 
,,,,,,,,,,SUC-22-INGRESO Y CONTROL 
,0131-03701574,FACTURA DE COMPRA POS,,"$ 7.259,62",01/12/2025,01/01/2026,FCIA BIOSALUD,AGRUPADO,MOSTRADOR,PVD-17-ARMAR RESUMEN DE 
,,,,,,,,,,SUC-22-INGRESO Y CONTROL 
,0131-03701977,FACTURA DE COMPRA POS,,"$ 85.009,27",01/12/2025,01/01/2026,BIOSALUD CHACRAS ,AGRUPADO,MOSTRADOR,PVD-17-ARMAR RESUMEN DE 
,,,,,,,,,,SUC-22-INGRESO Y CONTROL 
,0131-03701940,FACTURA DE COMPRA POS,,"$ 287.005,04",01/12/2025,01/01/2026,FCIA BIOSALUD,AGRUPADO,MOSTRADOR,PVD-17-ARMAR RESUMEN DE 
,,,,,,,,,,SUC-22-INGRESO Y CONTROL 
,0131-03701979,FACTURA DE COMPRA POS,,"$ 24.285,10",01/12/2025,01/01/2026,BIOSALUD CHACRAS ,AGRUPADO,MOSTRADOR,PVD-17-ARMAR RESUMEN DE 
,,,,,,,,,,SUC-22-INGRESO Y CONTROL 
,0131-03702078,FACTURA DE COMPRA POS,,"$ 4.788,26",01/12/2025,01/01/2026,FCIA BIOSALUD,AGRUPADO,MOSTRADOR,PVD-17-ARMAR RESUMEN DE 
,,,,,,,,,,SUC-22-INGRESO Y CONTROL 
,0131-03702077,FACTURA DE COMPRA POS,,"$ 18.130,67",01/12/2025,01/01/2026,FCIA BIOSALUD,AGRUPADO,MOSTRADOR,PVD-17-ARMAR RESUMEN DE 
,,,,,,,,,,SUC-22-INGRESO Y CONTROL 
,0131-03702074,FACTURA DE COMPRA POS,,"$ 48.955,94",01/12/2025,01/01/2026,FCIA BIOSALUD,AGRUPADO,MOSTRADOR,PVD-17-ARMAR RESUMEN DE 
,,,,,,,,,,SUC-22-INGRESO Y CONTROL 
,0131-03701978,FACTURA DE COMPRA POS,,"$ 2.352.920,37",01/12/2025,01/01/2026,BIOSALUD CHACRAS ,AGRUPADO,MOSTRADOR,PVD-17-ARMAR RESUMEN DE 
,,,,,,,,,,SUC-22-INGRESO Y CONTROL 
,0131-03702095,FACTURA DE COMPRA POS,,"$ 11.158,63",01/12/2025,01/01/2026,BIOSALUD CHACRAS ,AGRUPADO,MOSTRADOR,PVD-17-ARMAR RESUMEN DE 
,,,,,,,,,,SUC-22-INGRESO Y CONTROL 
,0131-03702082,FACTURA DE COMPRA POS,,"$ 43.937,74",01/12/2025,01/01/2026,FCIA BIOSALUD,AGRUPADO,MOSTRADOR,PVD-17-ARMAR RESUMEN DE 
,,,,,,,,,,SUC-22-INGRESO Y CONTROL 
,0131-03702565,FACTURA DE COMPRA POS,,"$ 175.046,65",02/12/2025,02/01/2026,BIOSALUD CHACRAS ,AGRUPADO,MOSTRADOR,PVD-17-ARMAR RESUMEN DE 
,,,,,,,,,,SUC-22-INGRESO Y CONTROL 
,0131-03702405,FACTURA DE COMPRA POS,,"$ 28.481,61",02/12/2025,02/01/2026,FCIA BIOSALUD,AGRUPADO,MOSTRADOR,PVD-17-ARMAR RESUMEN DE 
,,,,,,,,,,SUC-22-INGRESO Y CONTROL 
,0131-03702657,FACTURA DE COMPRA POS,,"$ 114.191,00",02/12/2025,02/01/2026,FCIA BIOSALUD,AGRUPADO,MOSTRADOR,PVD-17-ARMAR RESUMEN DE 
,,,,,,,,,,SUC-22-INGRESO Y CONTROL 
,0131-03702678,FACTURA DE COMPRA POS,,"$ 86.248,41",02/12/2025,02/01/2026,BIOSALUD CHACRAS ,AGRUPADO,MOSTRADOR,PVD-17-ARMAR RESUMEN DE 
,,,,,,,,,,SUC-22-INGRESO Y CONTROL 
,0131-03703174,FACTURA DE COMPRA POS,,"$ 455.877,05",02/12/2025,02/01/2026,BIOSALUD CHACRAS ,AGRUPADO,MOSTRADOR,PVD-17-ARMAR RESUMEN DE 
,,,,,,,,,,SUC-22-INGRESO Y CONTROL 
,0131-03703175,FACTURA DE COMPRA POS,,"$ 67.762,22",02/12/2025,02/01/2026,BIOSALUD CHACRAS ,AGRUPADO,MOSTRADOR,PVD-17-ARMAR RESUMEN DE 
,,,,,,,,,,SUC-22-INGRESO Y CONTROL 
,0131-03703210,FACTURA DE COMPRA POS,,"$ 48.955,94",02/12/2025,02/01/2026,BIOSALUD CHACRAS ,AGRUPADO,MOSTRADOR,PVD-17-ARMAR RESUMEN DE 
,,,,,,,,,,SUC-22-INGRESO Y CONTROL 
,0131-03703093,FACTURA DE COMPRA POS,,"$ 72.194,12",02/12/2025,02/01/2026,FCIA BIOSALUD,AGRUPADO,MOSTRADOR,PVD-17-ARMAR RESUMEN DE 
,,,,,,,,,,SUC-22-INGRESO Y CONTROL 
,0131-03703206,FACTURA DE COMPRA POS,,"$ 60.045,80",02/12/2025,02/01/2026,FCIA BIOSALUD,AGRUPADO,MOSTRADOR,PVD-17-ARMAR RESUMEN DE 
,,,,,,,,,,SUC-22-INGRESO Y CONTROL 
,0131-03703209,FACTURA DE COMPRA POS,,"$ 70.441,76",02/12/2025,02/01/2026,FCIA BIOSALUD,AGRUPADO,MOSTRADOR,PVD-17-ARMAR RESUMEN DE 
,,,,,,,,,,SUC-22-INGRESO Y CONTROL 
,0131-03703213,FACTURA DE COMPRA POS,,"$ 46.896,99",02/12/2025,02/01/2026,FCIA BIOSALUD,AGRUPADO,MOSTRADOR,PVD-17-ARMAR RESUMEN DE 
,,,,,,,,,,SUC-22-INGRESO Y CONTROL 
,0131-00585199,NOTA DE CREDITO DE ,,"-$ 67.180,20",03/12/2025,02/01/2026,FCIA BIOSALUD,AGRUPADO,,PVD-17-ARMAR RESUMEN DE 
,,,,,,,,,,PVD-07-INGRESAR NOTA DE 
,0131-03703749,FACTURA DE COMPRA POS,,"$ 102.661,76",03/12/2025,03/01/2026,BIOSALUD CHACRAS ,AGRUPADO,MOSTRADOR,PVD-17-ARMAR RESUMEN DE 
,,,,,,,,,,SUC-22-INGRESO Y CONTROL 
,0131-03704904,FACTURA DE COMPRA POS,,"$ 385.881,03",03/12/2025,03/01/2026,BIOSALUD CHACRAS ,AGRUPADO,MOSTRADOR,PVD-17-ARMAR RESUMEN DE 
,,,,,,,,,,SUC-22-INGRESO Y CONTROL 
,0131-03704905,FACTURA DE COMPRA POS,,"$ 42.127,53",03/12/2025,03/01/2026,BIOSALUD CHACRAS ,AGRUPADO,MOSTRADOR,PVD-17-ARMAR RESUMEN DE 
,,,,,,,,,,SUC-22-INGRESO Y CONTROL 
,0131-03703908,FACTURA DE COMPRA POS,,"$ 44.964,28",03/12/2025,03/01/2026,FCIA BIOSALUD,AGRUPADO,MOSTRADOR,PVD-17-ARMAR RESUMEN DE 
,,,,,,,,,,SUC-22-INGRESO Y CONTROL 
,0131-03704733,FACTURA DE COMPRA POS,,"$ 98.014,38",03/12/2025,03/01/2026,FCIA BIOSALUD,AGRUPADO,MOSTRADOR,PVD-17-ARMAR RESUMEN DE 
,,,,,,,,,,SUC-22-INGRESO Y CONTROL 
,0131-03703917,FACTURA DE COMPRA POS,,"$ 145.604,74",03/12/2025,03/01/2026,FCIA BIOSALUD,AGRUPADO,MOSTRADOR,PVD-17-ARMAR RESUMEN DE 
,,,,,,,,,,SUC-22-INGRESO Y CONTROL 
,0131-03704380,FACTURA DE COMPRA POS,,"$ 265.372,35",03/12/2025,03/01/2026,FCIA BIOSALUD,AGRUPADO,MOSTRADOR,PVD-17-ARMAR RESUMEN DE 
,,,,,,,,,,SUC-22-INGRESO Y CONTROL 
,0131-03704310,FACTURA DE COMPRA POS,,"$ 241.014,15",03/12/2025,03/01/2026,BIOSALUD CHACRAS ,AGRUPADO,MOSTRADOR,PVD-17-ARMAR RESUMEN DE 
,,,,,,,,,,SUC-22-INGRESO Y CONTROL 
,0131-03705811,FACTURA DE COMPRA POS,,"$ 99.324,06",04/12/2025,04/01/2026,FCIA BIOSALUD,AGRUPADO,MOSTRADOR,PVD-17-ARMAR RESUMEN DE 
,,,,,,,,,,SUC-22-INGRESO Y CONTROL 
,0131-03705812,FACTURA DE COMPRA POS,,"$ 28.513,71",04/12/2025,04/01/2026,FCIA BIOSALUD,AGRUPADO,MOSTRADOR,PVD-17-ARMAR RESUMEN DE 
,,,,,,,,,,SUC-22-INGRESO Y CONTROL 
,0131-03704990,FACTURA DE COMPRA POS,,"$ 19.096,12",04/12/2025,04/01/2026,BIOSALUD CHACRAS ,AGRUPADO,MOSTRADOR,PVD-17-ARMAR RESUMEN DE 
,,,,,,,,,,SUC-22-INGRESO Y CONTROL 
,0131-03705005,FACTURA DE COMPRA POS,,"$ 25.175,27",04/12/2025,04/01/2026,BIOSALUD CHACRAS ,AGRUPADO,MOSTRADOR,PVD-17-ARMAR RESUMEN DE 
,,,,,,,,,,SUC-22-INGRESO Y CONTROL 
,0131-03704996,FACTURA DE COMPRA POS,,"$ 23.963,96",04/12/2025,04/01/2026,FCIA BIOSALUD,AGRUPADO,MOSTRADOR,PVD-17-ARMAR RESUMEN DE 
,,,,,,,,,,SUC-22-INGRESO Y CONTROL 
,0132-00877545,FACTURA DE COMPRA POS,,"$ 3.208,68",04/12/2025,04/01/2026,BIOSALUD CHACRAS ,AGRUPADO,MOSTRADOR,PVD-17-ARMAR RESUMEN DE 
,,,,,,,,,,SUC-22-INGRESO Y CONTROL 
,0132-00877544,FACTURA DE COMPRA POS,,"$ 220.191,96",04/12/2025,04/01/2026,BIOSALUD CHACRAS ,AGRUPADO,MOSTRADOR,PVD-17-ARMAR RESUMEN DE 
,,,,,,,,,,SUC-22-INGRESO Y CONTROL 
,0131-03706644,FACTURA DE COMPRA POS,,"$ 43.583,35",05/12/2025,05/01/2026,BIOSALUD CHACRAS ,AGRUPADO,MOSTRADOR,PVD-17-ARMAR RESUMEN DE 
,,,,,,,,,,SUC-22-INGRESO Y CONTROL 
,0131-03707321,FACTURA DE COMPRA POS,,"$ 7.922,20",05/12/2025,05/01/2026,BIOSALUD CHACRAS ,AGRUPADO,MOSTRADOR,PVD-17-ARMAR RESUMEN DE 
,,,,,,,,,,SUC-22-INGRESO Y CONTROL 
,0131-03706062,FACTURA DE COMPRA POS,,"$ 16.232,93",05/12/2025,05/01/2026,BIOSALUD CHACRAS ,AGRUPADO,MOSTRADOR,PVD-17-ARMAR RESUMEN DE 
,,,,,,,,,,SUC-22-INGRESO Y CONTROL 
,0131-03706683,FACTURA DE COMPRA POS,,"$ 11.610,59",05/12/2025,05/01/2026,FCIA BIOSALUD,INGRESADO,MOSTRADOR,SUC-22-INGRESO Y CONTROL 
,0131-03706687,FACTURA DE COMPRA POS,,"$ 1.387.578,85",05/12/2025,05/01/2026,BIOSALUD CHACRAS ,AGRUPADO,MOSTRADOR,PVD-17-ARMAR RESUMEN DE 
,,,,,,,,,,SUC-22-INGRESO Y CONTROL 
,0131-03707112,FACTURA DE COMPRA POS,,"$ 21.037,44",05/12/2025,05/01/2026,FCIA BIOSALUD,INGRESADO,MOSTRADOR,SUC-22-INGRESO Y CONTROL 
,0131-03706680,FACTURA DE COMPRA POS,,"$ 66.253,86",05/12/2025,05/01/2026,FCIA BIOSALUD,INGRESADO,MOSTRADOR,SUC-22-INGRESO Y CONTROL 
,0131-03706681,FACTURA DE COMPRA POS,,"$ 327.663,88",05/12/2025,05/01/2026,FCIA BIOSALUD,INGRESADO,MOSTRADOR,SUC-22-INGRESO Y CONTROL 
,0131-03706686,FACTURA DE COMPRA POS,,"$ 12.455,85",05/12/2025,05/01/2026,BIOSALUD CHACRAS ,AGRUPADO,MOSTRADOR,PVD-17-ARMAR RESUMEN DE 
,,,,,,,,,,SUC-22-INGRESO Y CONTROL 
,0131-03706682,FACTURA DE COMPRA POS,,"$ 627.041,64",05/12/2025,05/01/2026,FCIA BIOSALUD,INGRESADO,MOSTRADOR,SUC-22-INGRESO Y CONTROL 
,0131-03706645,FACTURA DE COMPRA POS,,"$ 603.781,31",05/12/2025,05/01/2026,BIOSALUD CHACRAS ,AGRUPADO,MOSTRADOR,PVD-17-ARMAR RESUMEN DE 
,,,,,,,,,,SUC-22-INGRESO Y CONTROL 
,0131-03707111,FACTURA DE COMPRA POS,,"$ 59.412,01",06/12/2025,06/01/2026,FCIA BIOSALUD,INGRESADO,MOSTRADOR,SUC-22-INGRESO Y CONTROL 
,0131-00585736,NOTA DE CREDITO DE ,,"-$ 8.174,61",08/12/2025,08/01/2026,BIOSALUD CHACRAS ,AGRUPADO,,PVD-17-ARMAR RESUMEN DE 
,,,,,,,,,,PVD-07-INGRESAR NOTA DE 
,0131-00585737,NOTA DE CREDITO DE ,,"-$ 90.182,81",08/12/2025,08/01/2026,BIOSALUD CHACRAS ,AGRUPADO,,PVD-17-ARMAR RESUMEN DE 
,,,,,,,,,,PVD-07-INGRESAR NOTA DE 
,0131-03708203,FACTURA DE COMPRA POS,,"$ 91.869,21",09/12/2025,09/01/2026,BIOSALUD CHACRAS ,AGRUPADO,MOSTRADOR,PVD-17-ARMAR RESUMEN DE 
,,,,,,,,,,SUC-22-INGRESO Y CONTROL 
,0131-03709167,FACTURA DE COMPRA POS,,"$ 436.082,32",09/12/2025,09/01/2026,FCIA BIOSALUD,INGRESADO,MOSTRADOR,SUC-22-INGRESO Y CONTROL 
,0131-03709168,FACTURA DE COMPRA POS,,"$ 54.386,82",09/12/2025,09/01/2026,FCIA BIOSALUD,INGRESADO,MOSTRADOR,SUC-22-INGRESO Y CONTROL 
,0131-03708265,FACTURA DE COMPRA POS,,"$ 58.453,70",09/12/2025,09/01/2026,FCIA BIOSALUD,INGRESADO,MOSTRADOR,SUC-22-INGRESO Y CONTROL 
,0131-03708255,FACTURA DE COMPRA POS,,"$ 21.286,22",09/12/2025,09/01/2026,FCIA BIOSALUD,INGRESADO,MOSTRADOR,SUC-22-INGRESO Y CONTROL 
,0131-03708460,FACTURA DE COMPRA POS,,"$ 23.075,74",09/12/2025,09/01/2026,BIOSALUD CHACRAS ,AGRUPADO,MOSTRADOR,PVD-17-ARMAR RESUMEN DE 
,,,,,,,,,,SUC-22-INGRESO Y CONTROL 
,0131-03708461,FACTURA DE COMPRA POS,,"$ 29.895,68",09/12/2025,09/01/2026,BIOSALUD CHACRAS ,AGRUPADO,MOSTRADOR,PVD-17-ARMAR RESUMEN DE 
,,,,,,,,,,SUC-22-INGRESO Y CONTROL 
,0131-03708922,FACTURA DE COMPRA POS,,"$ 57.903,49",09/12/2025,09/01/2026,FCIA BIOSALUD,INGRESADO,MOSTRADOR,SUC-22-INGRESO Y CONTROL 
,0131-03708813,FACTURA DE COMPRA POS,,"$ 797.283,12",09/12/2025,09/01/2026,BIOSALUD CHACRAS ,AGRUPADO,MOSTRADOR,PVD-17-ARMAR RESUMEN DE 
,,,,,,,,,,SUC-22-INGRESO Y CONTROL 
,0131-03708907,FACTURA DE COMPRA POS,,"$ 23.221,16",09/12/2025,10/01/2026,FCIA BIOSALUD,INGRESADO,MOSTRADOR,SUC-22-INGRESO Y CONTROL 
,0131-03708814,FACTURA DE COMPRA POS,,"$ 29.849,52",09/12/2025,09/01/2026,BIOSALUD CHACRAS ,AGRUPADO,MOSTRADOR,PVD-17-ARMAR RESUMEN DE 
,,,,,,,,,,SUC-22-INGRESO Y CONTROL 
,0131-03708906,FACTURA DE COMPRA POS,,"$ 0,00",09/12/2025,09/01/2026,FCIA BIOSALUD,INGRESADO,MOSTRADOR,SUC-22-INGRESO Y CONTROL 
,0131-03709679,FACTURA DE COMPRA POS,,"$ 111.627,36",10/12/2025,10/01/2026,BIOSALUD CHACRAS ,AGRUPADO,MOSTRADOR,PVD-17-ARMAR RESUMEN DE 
,,,,,,,,,,SUC-22-INGRESO Y CONTROL 
,,,,,,,,,,FTW-02-DESHACER 
,,,,,,,,,,FTW-01-EDITAR VALORES
,0131-03710508,FACTURA DE COMPRA POS,,"$ 19.739,44",10/12/2025,10/01/2026,BIOSALUD CHACRAS ,AGRUPADO,MOSTRADOR,PVD-17-ARMAR RESUMEN DE 
,,,,,,,,,,SUC-22-INGRESO Y CONTROL 
,0131-03710509,FACTURA DE COMPRA POS,,"$ 55.888,93",10/12/2025,10/01/2026,BIOSALUD CHACRAS ,AGRUPADO,MOSTRADOR,PVD-17-ARMAR RESUMEN DE 
,,,,,,,,,,SUC-22-INGRESO Y CONTROL 
,0132-00877721,FACTURA DE COMPRA POS,,"$ 24.311,13",10/12/2025,10/01/2026,BIOSALUD CHACRAS ,AGRUPADO,MOSTRADOR,PVD-17-ARMAR RESUMEN DE 
,,,,,,,,,,SUC-22-INGRESO Y CONTROL 
,0131-03709690,FACTURA DE COMPRA POS,,"$ 107.893,44",10/12/2025,10/01/2026,FCIA BIOSALUD,INGRESADO,MOSTRADOR,SUC-22-INGRESO Y CONTROL 
,0131-03709952,FACTURA DE COMPRA POS,,"$ 6.199,10",10/12/2025,10/01/2026,FCIA BIOSALUD,INGRESADO,MOSTRADOR,SUC-22-INGRESO Y CONTROL 
,0131-03710283,FACTURA DE COMPRA POS,,"$ 144.999,04",10/12/2025,10/01/2026,FCIA BIOSALUD,INGRESADO,MOSTRADOR,SUC-22-INGRESO Y CONTROL 
,0131-03709951,FACTURA DE COMPRA POS,,"$ 7.211,89",10/12/2025,10/01/2026,FCIA BIOSALUD,INGRESADO,MOSTRADOR,SUC-22-INGRESO Y CONTROL 
,0131-03710111,FACTURA DE COMPRA POS,,"$ 40.350,22",10/12/2025,10/01/2026,FCIA BIOSALUD,INGRESADO,MOSTRADOR,SUC-22-INGRESO Y CONTROL 
,0131-03710014,FACTURA DE COMPRA POS,,"$ 510.527,40",10/12/2025,10/01/2026,BIOSALUD CHACRAS ,AGRUPADO,MOSTRADOR,PVD-17-ARMAR RESUMEN DE 
,,,,,,,,,,SUC-22-INGRESO Y CONTROL 
,0131-03710015,FACTURA DE COMPRA POS,,"$ 66.624,01",10/12/2025,10/01/2026,BIOSALUD CHACRAS ,AGRUPADO,MOSTRADOR,PVD-17-ARMAR RESUMEN DE 
,,,,,,,,,,SUC-22-INGRESO Y CONTROL 
,0131-03710013,FACTURA DE COMPRA POS,,"$ 96.411,01",10/12/2025,10/01/2026,BIOSALUD CHACRAS ,AGRUPADO,MOSTRADOR,PVD-17-ARMAR RESUMEN DE 
,,,,,,,,,,SUC-22-INGRESO Y CONTROL 
,0131-00586618,NOTA DE CREDITO DE ,,"-$ 61.364,86",11/12/2025,11/01/2026,BIOSALUD CHACRAS ,AGRUPADO,,PVD-17-ARMAR RESUMEN DE 
,,,,,,,,,,PVD-07-INGRESAR NOTA DE 
,0131-00586619,NOTA DE CREDITO DE ,,"-$ 17.871,25",11/12/2025,11/01/2026,BIOSALUD CHACRAS ,AGRUPADO,,PVD-17-ARMAR RESUMEN DE 
,,,,,,,,,,PVD-07-INGRESAR NOTA DE 
,0131-00586620,NOTA DE CREDITO DE ,,"-$ 48.955,94",11/12/2025,11/01/2026,BIOSALUD CHACRAS ,AGRUPADO,,PVD-17-ARMAR RESUMEN DE 
,,,,,,,,,,PVD-07-INGRESAR NOTA DE 
,0131-03712111,FACTURA DE COMPRA POS,,"$ 74.022,96",11/12/2025,11/01/2026,FCIA BIOSALUD,INGRESADO,MOSTRADOR,SUC-22-INGRESO Y CONTROL 
,0131-03712110,FACTURA DE COMPRA POS,,"$ 194.009,57",11/12/2025,11/01/2026,FCIA BIOSALUD,INGRESADO,MOSTRADOR,SUC-22-INGRESO Y CONTROL 
,0131-03712261,FACTURA DE COMPRA POS,,"$ 13.275,26",11/12/2025,11/01/2026,BIOSALUD CHACRAS ,AGRUPADO,MOSTRADOR,PVD-17-ARMAR RESUMEN DE 
,,,,,,,,,,SUC-22-INGRESO Y CONTROL 
,0131-03710957,FACTURA DE COMPRA POS,,"$ 55.510,00",11/12/2025,11/01/2026,FCIA BIOSALUD,INGRESADO,MOSTRADOR,SUC-22-INGRESO Y CONTROL 
,0131-03710956,FACTURA DE COMPRA POS,,"$ 10.002,88",11/12/2025,11/01/2026,FCIA BIOSALUD,INGRESADO,MOSTRADOR,SUC-22-INGRESO Y CONTROL 
,0131-03711402,FACTURA DE COMPRA POS,,"$ 23.190,94",11/12/2025,11/01/2026,FCIA BIOSALUD,INGRESADO,MOSTRADOR,SUC-22-INGRESO Y CONTROL 
,0131-03711710,FACTURA DE COMPRA POS,,"$ 14.779,56",11/12/2025,11/01/2026,FCIA BIOSALUD,INGRESADO,MOSTRADOR,SUC-22-INGRESO Y CONTROL 
,0131-03711051,FACTURA DE COMPRA POS,,"$ 13.383,03",11/12/2025,11/01/2026,BIOSALUD CHACRAS ,AGRUPADO,MOSTRADOR,PVD-17-ARMAR RESUMEN DE 
,,,,,,,,,,SUC-22-INGRESO Y CONTROL 
,0131-03711711,FACTURA DE COMPRA POS,,"$ 27.024,48",11/12/2025,11/01/2026,BIOSALUD CHACRAS ,AGRUPADO,MOSTRADOR,PVD-17-ARMAR RESUMEN DE 
,,,,,,,,,,SUC-22-INGRESO Y CONTROL 
,0131-03711374,FACTURA DE COMPRA POS,,"$ 12.315,37",11/12/2025,11/01/2026,FCIA BIOSALUD,INGRESADO,MOSTRADOR,SUC-22-INGRESO Y CONTROL 
,0131-03711679,FACTURA DE COMPRA POS,,"$ 418.463,72",11/12/2025,11/01/2026,BIOSALUD CHACRAS ,AGRUPADO,MOSTRADOR,PVD-17-ARMAR RESUMEN DE 
,,,,,,,,,,SUC-22-INGRESO Y CONTROL 
,0131-03711680,FACTURA DE COMPRA POS,,"$ 41.247,43",11/12/2025,11/01/2026,BIOSALUD CHACRAS ,AGRUPADO,MOSTRADOR,PVD-17-ARMAR RESUMEN DE 
,,,,,,,,,,SUC-22-INGRESO Y CONTROL 
,0131-03713430,FACTURA DE COMPRA POS,,"$ 73.004,74",12/12/2025,12/01/2026,FCIA BIOSALUD,INGRESADO,MOSTRADOR,SUC-22-INGRESO Y CONTROL 
,0131-03713431,FACTURA DE COMPRA POS,,"$ 21.661,79",12/12/2025,12/01/2026,FCIA BIOSALUD,INGRESADO,MOSTRADOR,SUC-22-INGRESO Y CONTROL 
,0131-03712429,FACTURA DE COMPRA POS,,"$ 151.897,74",12/12/2025,12/01/2026,FCIA BIOSALUD,INGRESADO,MOSTRADOR,SUC-22-INGRESO Y CONTROL 
,0131-03712755,FACTURA DE COMPRA POS,,"$ 409.782,53",12/12/2025,12/01/2026,BIOSALUD CHACRAS ,AGRUPADO,MOSTRADOR,PVD-17-ARMAR RESUMEN DE 
,,,,,,,,,,SUC-22-INGRESO Y CONTROL 
,0131-03712756,FACTURA DE COMPRA POS,,"$ 45.711,94",12/12/2025,12/01/2026,BIOSALUD CHACRAS ,AGRUPADO,MOSTRADOR,PVD-17-ARMAR RESUMEN DE 
,,,,,,,,,,SUC-22-INGRESO Y CONTROL 
,0131-03713015,FACTURA DE COMPRA POS,,"$ 40.700,02",12/12/2025,12/01/2026,FCIA BIOSALUD,INGRESADO,MOSTRADOR,SUC-22-INGRESO Y CONTROL 
,0131-03713016,FACTURA DE COMPRA POS,,"$ 82.681,41",12/12/2025,12/01/2026,FCIA BIOSALUD,INGRESADO,MOSTRADOR,SUC-22-INGRESO Y CONTROL 
,0131-03713017,FACTURA DE COMPRA POS,,"$ 355.564,88",12/12/2025,12/01/2026,FCIA BIOSALUD,INGRESADO,MOSTRADOR,SUC-22-INGRESO Y CONTROL 
,0131-03713014,FACTURA DE COMPRA POS,,"$ 166.884,28",12/12/2025,12/01/2026,FCIA BIOSALUD,INGRESADO,MOSTRADOR,SUC-22-INGRESO Y CONTROL 
,0131-03712946,FACTURA DE COMPRA POS,,"$ 11.403,32",12/12/2025,12/01/2026,FCIA BIOSALUD,INGRESADO,MOSTRADOR,SUC-22-INGRESO Y CONTROL 
,0131-03713050,FACTURA DE COMPRA POS,,"$ 10.346,36",12/12/2025,12/01/2026,FCIA BIOSALUD,INGRESADO,MOSTRADOR,SUC-22-INGRESO Y CONTROL 
,0131-03714376,FACTURA DE COMPRA POS,,"$ 26.690,86",15/12/2025,15/01/2026,BIOSALUD CHACRAS ,AGRUPADO,MOSTRADOR,PVD-17-ARMAR RESUMEN DE 
,,,,,,,,,,SUC-22-INGRESO Y CONTROL 
,0131-03714375,FACTURA DE COMPRA POS,,"$ 21.028,26",15/12/2025,15/01/2026,BIOSALUD CHACRAS ,AGRUPADO,MOSTRADOR,PVD-17-ARMAR RESUMEN DE 
,,,,,,,,,,SUC-22-INGRESO Y CONTROL 
,0131-03714387,FACTURA DE COMPRA POS,,"$ 82.848,38",15/12/2025,15/01/2026,FCIA BIOSALUD,INGRESADO,MOSTRADOR,SUC-22-INGRESO Y CONTROL 
,0131-03714389,FACTURA DE COMPRA POS,,"$ 91.390,52",15/12/2025,15/01/2026,FCIA BIOSALUD,INGRESADO,MOSTRADOR,SUC-22-INGRESO Y CONTROL 
,0131-03714294,FACTURA DE COMPRA POS,,"$ 106.296,35",15/12/2025,15/01/2026,FCIA BIOSALUD,INGRESADO,MOSTRADOR,SUC-22-INGRESO Y CONTROL 
,0131-03714293,FACTURA DE COMPRA POS,,"$ 785.009,70",15/12/2025,15/01/2026,FCIA BIOSALUD,INGRESADO,MOSTRADOR,SUC-22-INGRESO Y CONTROL 
,0131-03715004,FACTURA DE COMPRA POS,,"$ 40.987,47",15/12/2025,15/01/2026,BIOSALUD CHACRAS ,AGRUPADO,MOSTRADOR,PVD-17-ARMAR RESUMEN DE 
,,,,,,,,,,SUC-22-INGRESO Y CONTROL 
,0131-03715007,FACTURA DE COMPRA POS,,"$ 58.901,66",15/12/2025,15/01/2026,FCIA BIOSALUD,INGRESADO,MOSTRADOR,SUC-22-INGRESO Y CONTROL 
,0131-03714962,FACTURA DE COMPRA POS,,"$ 928.047,33",15/12/2025,15/01/2026,BIOSALUD CHACRAS ,AGRUPADO,MOSTRADOR,PVD-17-ARMAR RESUMEN DE 
,,,,,,,,,,SUC-22-INGRESO Y CONTROL 
,0131-03714961,FACTURA DE COMPRA POS,,"$ 57.270,05",15/12/2025,15/01/2026,BIOSALUD CHACRAS ,AGRUPADO,MOSTRADOR,PVD-17-ARMAR RESUMEN DE 
,,,,,,,,,,SUC-22-INGRESO Y CONTROL 
,0131-03714963,FACTURA DE COMPRA POS,,"$ 6.738,36",15/12/2025,15/01/2026,BIOSALUD CHACRAS ,AGRUPADO,MOSTRADOR,PVD-17-ARMAR RESUMEN DE 
,,,,,,,,,,SUC-22-INGRESO Y CONTROL 
,0131-03715520,FACTURA DE COMPRA POS,,"$ 78.991,06",16/12/2025,16/01/2026,BIOSALUD CHACRAS ,AGRUPADO,MOSTRADOR,PVD-17-ARMAR RESUMEN DE 
,,,,,,,,,,SUC-22-INGRESO Y CONTROL 
,0131-03715521,FACTURA DE COMPRA POS,,"$ 264.170,68",16/12/2025,16/01/2026,BIOSALUD CHACRAS ,AGRUPADO,MOSTRADOR,PVD-17-ARMAR RESUMEN DE 
,,,,,,,,,,SUC-22-INGRESO Y CONTROL 
,0131-03716786,FACTURA DE COMPRA POS,,"$ 108.516,72",16/12/2025,16/01/2026,FCIA BIOSALUD,INGRESADO,MOSTRADOR,SUC-22-INGRESO Y CONTROL 
,0131-03716405,FACTURA DE COMPRA POS,,"$ 3.401,75",16/12/2025,16/01/2026,FCIA BIOSALUD,INGRESADO,MOSTRADOR,SUC-22-INGRESO Y CONTROL 
,0131-03716121,FACTURA DE COMPRA POS,,"$ 5.741,80",16/12/2025,16/01/2026,FCIA BIOSALUD,INGRESADO,MOSTRADOR,SUC-22-INGRESO Y CONTROL 
,0131-03715347,FACTURA DE COMPRA POS,,"$ 581.580,59",16/12/2025,16/01/2026,FCIA BIOSALUD,INGRESADO,MOSTRADOR,SUC-22-INGRESO Y CONTROL 
,0131-03715346,FACTURA DE COMPRA POS,,"$ 167.115,96",16/12/2025,16/01/2026,FCIA BIOSALUD,INGRESADO,MOSTRADOR,SUC-22-INGRESO Y CONTROL 
,0131-03715718,FACTURA DE COMPRA POS,,"$ 15.778,49",16/12/2025,16/01/2026,BIOSALUD CHACRAS ,AGRUPADO,MOSTRADOR,PVD-17-ARMAR RESUMEN DE 
,,,,,,,,,,SUC-22-INGRESO Y CONTROL 
,0131-03715713,FACTURA DE COMPRA POS,,"$ 8.124,83",16/12/2025,16/01/2026,BIOSALUD CHACRAS ,AGRUPADO,MOSTRADOR,PVD-17-ARMAR RESUMEN DE 
,,,,,,,,,,SUC-22-INGRESO Y CONTROL 
,0131-03716385,FACTURA DE COMPRA POS,,"$ 453.800,45",16/12/2025,16/01/2026,FCIA BIOSALUD,INGRESADO,MOSTRADOR,SUC-22-INGRESO Y CONTROL 
,0131-03716393,FACTURA DE COMPRA POS,,"$ 92.158,78",16/12/2025,16/01/2026,FCIA BIOSALUD,INGRESADO,MOSTRADOR,SUC-22-INGRESO Y CONTROL 
,0131-03716122,FACTURA DE COMPRA POS,,"$ 158.457,60",16/12/2025,16/01/2026,FCIA BIOSALUD,INGRESADO,MOSTRADOR,SUC-22-INGRESO Y CONTROL 
,0132-00878028,FACTURA DE COMPRA POS,,"$ 147.259,53",16/12/2025,16/01/2026,FCIA BIOSALUD,INGRESADO,MOSTRADOR,SUC-22-INGRESO Y CONTROL 
,0132-00878029,FACTURA DE COMPRA POS,,"$ 64.864,60",16/12/2025,16/01/2026,FCIA BIOSALUD,INGRESADO,MOSTRADOR,SUC-22-INGRESO Y CONTROL 
,0131-03716041,FACTURA DE COMPRA POS,,"$ 1.012.965,09",16/12/2025,16/01/2026,BIOSALUD CHACRAS ,AGRUPADO,MOSTRADOR,PVD-17-ARMAR RESUMEN DE 
,,,,,,,,,,SUC-22-INGRESO Y CONTROL 
,0131-03716040,FACTURA DE COMPRA POS,,"$ 143.139,12",16/12/2025,16/01/2026,BIOSALUD CHACRAS ,AGRUPADO,MOSTRADOR,PVD-17-ARMAR RESUMEN DE 
,,,,,,,,,,SUC-22-INGRESO Y CONTROL 
,0131-03716884,FACTURA DE COMPRA POS,,"$ 212.795,87",17/12/2025,17/01/2026,BIOSALUD CHACRAS ,AGRUPADO,MOSTRADOR,PVD-17-ARMAR RESUMEN DE 
,,,,,,,,,,SUC-22-INGRESO Y CONTROL 
,0131-03716885,FACTURA DE COMPRA POS,,"$ 17.663,80",17/12/2025,17/01/2026,BIOSALUD CHACRAS ,AGRUPADO,MOSTRADOR,PVD-17-ARMAR RESUMEN DE 
,,,,,,,,,,SUC-22-INGRESO Y CONTROL 
,0131-03716960,FACTURA DE COMPRA POS,,"$ 69.941,66",17/12/2025,17/01/2026,FCIA BIOSALUD,INGRESADO,MOSTRADOR,SUC-22-INGRESO Y CONTROL 
,0131-03716968,FACTURA DE COMPRA POS,,"$ 168.012,39",17/12/2025,17/01/2026,FCIA BIOSALUD,INGRESADO,MOSTRADOR,SUC-22-INGRESO Y CONTROL 
,0131-03717053,FACTURA DE COMPRA POS,,"$ 433.982,33",17/12/2025,17/01/2026,BIOSALUD CHACRAS ,AGRUPADO,MOSTRADOR,PVD-17-ARMAR RESUMEN DE 
,,,,,,,,,,SUC-22-INGRESO Y CONTROL 
,0131-03717052,FACTURA DE COMPRA POS,,"$ 15.902,22",17/12/2025,17/01/2026,FCIA BIOSALUD,INGRESADO,MOSTRADOR,SUC-22-INGRESO Y CONTROL 
,0131-03717349,FACTURA DE COMPRA POS,,"$ 41.315,39",17/12/2025,17/01/2026,FCIA BIOSALUD,INGRESADO,MOSTRADOR,SUC-22-INGRESO Y CONTROL 
,0131-03717348,FACTURA DE COMPRA POS,,"$ 438.336,53",17/12/2025,17/01/2026,FCIA BIOSALUD,INGRESADO,MOSTRADOR,SUC-22-INGRESO Y CONTROL 
,0131-03717401,FACTURA DE COMPRA POS,,"$ 694.183,01",17/12/2025,17/01/2026,BIOSALUD CHACRAS ,AGRUPADO,MOSTRADOR,PVD-17-ARMAR RESUMEN DE 
,,,,,,,,,,SUC-22-INGRESO Y CONTROL 
,0131-03717400,FACTURA DE COMPRA POS,,"$ 526.928,38",17/12/2025,17/01/2026,BIOSALUD CHACRAS ,AGRUPADO,MOSTRADOR,PVD-17-ARMAR RESUMEN DE 
,,,,,,,,,,SUC-22-INGRESO Y CONTROL 
,0131-03717596,FACTURA DE COMPRA POS,,"$ 16.478,13",17/12/2025,17/01/2026,BIOSALUD CHACRAS ,AGRUPADO,MOSTRADOR,PVD-17-ARMAR RESUMEN DE 
,,,,,,,,,,SUC-22-INGRESO Y CONTROL 
,0131-03717595,FACTURA DE COMPRA POS,,"$ 58.470,02",17/12/2025,17/01/2026,FCIA BIOSALUD,INGRESADO,MOSTRADOR,SUC-22-INGRESO Y CONTROL 
,0131-03717598,FACTURA DE COMPRA POS,,"$ 14.254,25",17/12/2025,17/01/2026,FCIA BIOSALUD,INGRESADO,MOSTRADOR,SUC-22-INGRESO Y CONTROL 
,0131-03718817,FACTURA DE COMPRA POS,,"$ 84.597,47",18/12/2025,18/01/2026,FCIA BIOSALUD,INGRESADO,MOSTRADOR,SUC-22-INGRESO Y CONTROL 
,0131-03719231,FACTURA DE COMPRA POS,,"$ 24.648,97",18/12/2025,18/01/2026,FCIA BIOSALUD,INGRESADO,MOSTRADOR,SUC-22-INGRESO Y CONTROL 
,0131-03719230,FACTURA DE COMPRA POS,,"$ 362.702,73",18/12/2025,18/01/2026,FCIA BIOSALUD,INGRESADO,MOSTRADOR,SUC-22-INGRESO Y CONTROL 
,0131-03718242,FACTURA DE COMPRA POS,,"$ 30.503,46",18/12/2025,18/01/2026,BIOSALUD CHACRAS ,AGRUPADO,MOSTRADOR,PVD-17-ARMAR RESUMEN DE 
,,,,,,,,,,SUC-22-INGRESO Y CONTROL 
,0131-03718086,FACTURA DE COMPRA POS,,"$ 211.773,92",18/12/2025,18/01/2026,BIOSALUD CHACRAS ,AGRUPADO,MOSTRADOR,PVD-17-ARMAR RESUMEN DE 
,,,,,,,,,,SUC-22-INGRESO Y CONTROL 
,0131-03718087,FACTURA DE COMPRA POS,,"$ 21.522,88",18/12/2025,18/01/2026,BIOSALUD CHACRAS ,AGRUPADO,MOSTRADOR,PVD-17-ARMAR RESUMEN DE 
,,,,,,,,,,SUC-22-INGRESO Y CONTROL 
,0131-03718250,FACTURA DE COMPRA POS,,"$ 20.603,79",18/12/2025,18/01/2026,FCIA BIOSALUD,INGRESADO,MOSTRADOR,SUC-22-INGRESO Y CONTROL 
,0131-03718827,FACTURA DE COMPRA POS,,"$ 11.645,37",18/12/2025,18/01/2026,BIOSALUD CHACRAS ,AGRUPADO,MOSTRADOR,PVD-17-ARMAR RESUMEN DE 
,,,,,,,,,,SUC-22-INGRESO Y CONTROL 
,0131-03718826,FACTURA DE COMPRA POS,,"$ 3.957,63",18/12/2025,18/01/2026,BIOSALUD CHACRAS ,AGRUPADO,MOSTRADOR,PVD-17-ARMAR RESUMEN DE 
,,,,,,,,,,SUC-22-INGRESO Y CONTROL 
,0131-03718733,FACTURA DE COMPRA POS,,"$ 209.081,35",18/12/2025,18/01/2026,BIOSALUD CHACRAS ,AGRUPADO,MOSTRADOR,PVD-17-ARMAR RESUMEN DE 
,,,,,,,,,,SUC-22-INGRESO Y CONTROL 
,0131-03718786,FACTURA DE COMPRA POS,,"$ 36.322,05",18/12/2025,18/01/2026,FCIA BIOSALUD,INGRESADO,MOSTRADOR,SUC-22-INGRESO Y CONTROL 
,0131-03718344,FACTURA DE COMPRA POS,,"$ 48.462,24",18/12/2025,18/01/2026,BIOSALUD CHACRAS ,AGRUPADO,MOSTRADOR,PVD-17-ARMAR RESUMEN DE 
,,,,,,,,,,SUC-22-INGRESO Y CONTROL 
,0131-03719338,FACTURA DE COMPRA POS,,"$ 744.983,01",19/12/2025,19/01/2026,BIOSALUD CHACRAS ,AGRUPADO,MOSTRADOR,PVD-17-ARMAR RESUMEN DE 
,,,,,,,,,,SUC-22-INGRESO Y CONTROL 
,0131-03719337,FACTURA DE COMPRA POS,,"$ 2.988.044,21",19/12/2025,19/01/2026,BIOSALUD CHACRAS ,AGRUPADO,MOSTRADOR,PVD-17-ARMAR RESUMEN DE 
,,,,,,,,,,SUC-22-INGRESO Y CONTROL 
,0131-03719438,FACTURA DE COMPRA POS,,"$ 54.925,86",19/12/2025,19/01/2026,BIOSALUD CHACRAS ,AGRUPADO,MOSTRADOR,PVD-17-ARMAR RESUMEN DE 
,,,,,,,,,,SUC-22-INGRESO Y CONTROL 
,0131-03719630,FACTURA DE COMPRA POS,,"$ 102.446,52",19/12/2025,19/01/2026,FCIA BIOSALUD,INGRESADO,MOSTRADOR,SUC-22-INGRESO Y CONTROL 
,0131-03719631,FACTURA DE COMPRA POS,,"$ 91.419,10",19/12/2025,19/01/2026,BIOSALUD CHACRAS ,AGRUPADO,MOSTRADOR,PVD-17-ARMAR RESUMEN DE 
,,,,,,,,,,SUC-22-INGRESO Y CONTROL 
,0131-03719448,FACTURA DE COMPRA POS,,"$ 652.658,45",19/12/2025,19/01/2026,FCIA BIOSALUD,INGRESADO,MOSTRADOR,SUC-22-INGRESO Y CONTROL 
,0131-03720024,FACTURA DE COMPRA POS,,"$ 1.015.800,57",19/12/2025,19/01/2026,BIOSALUD CHACRAS ,AGRUPADO,MOSTRADOR,PVD-17-ARMAR RESUMEN DE 
,,,,,,,,,,SUC-22-INGRESO Y CONTROL 
,0131-03719914,FACTURA DE COMPRA POS,,"$ 4.544,58",19/12/2025,19/01/2026,FCIA BIOSALUD,INGRESADO,MOSTRADOR,SUC-22-INGRESO Y CONTROL 
,0131-03719913,FACTURA DE COMPRA POS,,"$ 27.338,15",19/12/2025,19/01/2026,FCIA BIOSALUD,INGRESADO,MOSTRADOR,SUC-22-INGRESO Y CONTROL 
,0131-03720025,FACTURA DE COMPRA POS,,"$ 62.510,07",19/12/2025,19/01/2026,BIOSALUD CHACRAS ,AGRUPADO,MOSTRADOR,PVD-17-ARMAR RESUMEN DE 
,,,,,,,,,,SUC-22-INGRESO Y CONTROL 
,0131-03720055,FACTURA DE COMPRA POS,,"$ 966.215,20",19/12/2025,19/01/2026,FCIA BIOSALUD,INGRESADO,MOSTRADOR,SUC-22-INGRESO Y CONTROL 
,0131-03720048,FACTURA DE COMPRA POS,,"$ 95.957,99",19/12/2025,19/01/2026,FCIA BIOSALUD,INGRESADO,MOSTRADOR,SUC-22-INGRESO Y CONTROL 
,0131-03720056,FACTURA DE COMPRA POS,,"$ 88.032,40",19/12/2025,19/01/2026,FCIA BIOSALUD,INGRESADO,MOSTRADOR,SUC-22-INGRESO Y CONTROL 
,0131-03720023,FACTURA DE COMPRA POS,,"$ 115.367,85",19/12/2025,19/01/2026,BIOSALUD CHACRAS ,AGRUPADO,MOSTRADOR,PVD-17-ARMAR RESUMEN DE 
,,,,,,,,,,SUC-22-INGRESO Y CONTROL 
,0132-00878282,FACTURA DE COMPRA POS,,"$ 20.808,77",20/12/2025,20/01/2026,BIOSALUD CHACRAS ,AGRUPADO,MOSTRADOR,PVD-17-ARMAR RESUMEN DE 
,,,,,,,,,,SUC-22-INGRESO Y CONTROL 
,0131-03721888,FACTURA DE COMPRA POS,,"$ 1.070.523,98",22/12/2025,22/01/2026,FCIA BIOSALUD,INGRESADO,MOSTRADOR,SUC-22-INGRESO Y CONTROL 
,0131-03721889,FACTURA DE COMPRA POS,,"$ 51.909,07",22/12/2025,22/01/2026,FCIA BIOSALUD,INGRESADO,MOSTRADOR,SUC-22-INGRESO Y CONTROL 
,0131-03721731,FACTURA DE COMPRA POS,,"$ 446.728,79",22/12/2025,22/01/2026,BIOSALUD CHACRAS ,AGRUPADO,MOSTRADOR,PVD-17-ARMAR RESUMEN DE 
,,,,,,,,,,SUC-22-INGRESO Y CONTROL 
,0131-03721732,FACTURA DE COMPRA POS,,"$ 23.679,36",22/12/2025,22/01/2026,BIOSALUD CHACRAS ,AGRUPADO,MOSTRADOR,PVD-17-ARMAR RESUMEN DE 
,,,,,,,,,,SUC-22-INGRESO Y CONTROL 
,0131-03722615,FACTURA DE COMPRA POS,,"$ 762.490,05",23/12/2025,23/01/2026,FCIA BIOSALUD,IGNORADO,MOSTRADOR,SUC-22-INGRESO Y CONTROL 
,,,,,,,,,,FTW-02-DESHACER 
,,,,,,,,,,FTW-01-EDITAR VALORES
,0131-03722457,FACTURA DE COMPRA POS,,"$ 403.710,39",23/12/2025,23/01/2026,BIOSALUD CHACRAS ,AGRUPADO,MOSTRADOR,PVD-17-ARMAR RESUMEN DE 
,,,,,,,,,,SUC-22-INGRESO Y CONTROL 
,0131-03722250,FACTURA DE COMPRA POS,,"$ 322.792,37",23/12/2025,23/01/2026,FCIA BIOSALUD,INGRESADO,MOSTRADOR,SUC-22-INGRESO Y CONTROL 
,0131-03722614,FACTURA DE COMPRA POS,,"$ 206.879,44",23/12/2025,23/01/2026,FCIA BIOSALUD,INGRESADO,MOSTRADOR,SUC-22-INGRESO Y CONTROL 
,0131-03722769,FACTURA DE COMPRA POS,,"$ 137.746,79",23/12/2025,23/01/2026,BIOSALUD CHACRAS ,AGRUPADO,MOSTRADOR,PVD-17-ARMAR RESUMEN DE 
,,,,,,,,,,SUC-22-INGRESO Y CONTROL 
,0131-03722770,FACTURA DE COMPRA POS,,"$ 185.588,31",23/12/2025,23/01/2026,BIOSALUD CHACRAS ,AGRUPADO,MOSTRADOR,PVD-17-ARMAR RESUMEN DE 
,,,,,,,,,,SUC-22-INGRESO Y CONTROL 
,0131-03722615,FACTURA DE COMPRA POS,,"$ 762.490,05",23/12/2025,23/01/2026,BIOSALUD CHACRAS ,AGRUPADO,MOSTRADOR,PVD-17-ARMAR RESUMEN DE 
,,,,,,,,,,SUC-22-INGRESO Y CONTROL 
,0131-03723210,FACTURA DE COMPRA POS,,"$ 177.911,57",23/12/2025,23/01/2026,BIOSALUD CHACRAS ,AGRUPADO,MOSTRADOR,PVD-17-ARMAR RESUMEN DE 
,,,,,,,,,,SUC-22-INGRESO Y CONTROL 
,0131-03723209,FACTURA DE COMPRA POS,,"$ 1.128.863,39",23/12/2025,23/01/2026,BIOSALUD CHACRAS ,AGRUPADO,MOSTRADOR,PVD-17-ARMAR RESUMEN DE 
,,,,,,,,,,SUC-22-INGRESO Y CONTROL 
,0131-03723181,FACTURA DE COMPRA POS,,"$ 268.992,68",23/12/2025,23/01/2026,FCIA BIOSALUD,INGRESADO,MOSTRADOR,SUC-22-INGRESO Y CONTROL 
,0131-03723182,FACTURA DE COMPRA POS,,"$ 1.403.240,50",23/12/2025,23/01/2026,FCIA BIOSALUD,INGRESADO,MOSTRADOR,SUC-22-INGRESO Y CONTROL 
,0131-03723777,FACTURA DE COMPRA POS,,"$ 55.331,23",24/12/2025,24/01/2026,BIOSALUD CHACRAS ,AGRUPADO,MOSTRADOR,PVD-17-ARMAR RESUMEN DE 
,,,,,,,,,,SUC-22-INGRESO Y CONTROL 
,0131-03723776,FACTURA DE COMPRA POS,,"$ 675.249,55",24/12/2025,24/01/2026,BIOSALUD CHACRAS ,AGRUPADO,MOSTRADOR,PVD-17-ARMAR RESUMEN DE 
,,,,,,,,,,SUC-22-INGRESO Y CONTROL 
,0131-03723949,FACTURA DE COMPRA POS,,"$ 16.184,08",24/12/2025,24/01/2026,BIOSALUD CHACRAS ,AGRUPADO,MOSTRADOR,PVD-17-ARMAR RESUMEN DE 
,,,,,,,,,,SUC-22-INGRESO Y CONTROL 
,0131-03724582,FACTURA DE COMPRA POS,,"$ 30.707,58",26/12/2025,26/01/2026,BIOSALUD CHACRAS ,INGRESADO,MOSTRADOR,SUC-22-INGRESO Y CONTROL 
,0131-03725815,FACTURA DE COMPRA POS,,"$ 160.756,96",26/12/2025,26/01/2026,FCIA BIOSALUD,INGRESADO,MOSTRADOR,SUC-22-INGRESO Y CONTROL 
,0131-03725816,FACTURA DE COMPRA POS,,"$ 24.659,25",26/12/2025,26/01/2026,FCIA BIOSALUD,INGRESADO,MOSTRADOR,SUC-22-INGRESO Y CONTROL 
,0131-03724581,FACTURA DE COMPRA POS,,"$ 165.398,79",26/12/2025,26/01/2026,BIOSALUD CHACRAS ,INGRESADO,MOSTRADOR,SUC-22-INGRESO Y CONTROL 
,0131-03724343,FACTURA DE COMPRA POS,,"$ 8.251,14",26/12/2025,26/01/2026,FCIA BIOSALUD,INGRESADO,MOSTRADOR,SUC-22-INGRESO Y CONTROL 
,0131-03724629,FACTURA DE COMPRA POS,,"$ 129.806,71",26/12/2025,26/01/2026,BIOSALUD CHACRAS ,INGRESADO,MOSTRADOR,SUC-22-INGRESO Y CONTROL 
,0131-03724808,FACTURA DE COMPRA POS,,"$ 35.125,43",26/12/2025,26/01/2026,BIOSALUD CHACRAS ,INGRESADO,MOSTRADOR,SUC-22-INGRESO Y CONTROL 
,0131-03724809,FACTURA DE COMPRA POS,,"$ 72.423,88",26/12/2025,26/01/2026,BIOSALUD CHACRAS ,INGRESADO,MOSTRADOR,SUC-22-INGRESO Y CONTROL 
,0131-03724807,FACTURA DE COMPRA POS,,"$ 36.341,78",26/12/2025,26/01/2026,BIOSALUD CHACRAS ,INGRESADO,MOSTRADOR,SUC-22-INGRESO Y CONTROL 
,0131-03725318,FACTURA DE COMPRA POS,,"$ 42.620,32",26/12/2025,26/01/2026,BIOSALUD CHACRAS ,INGRESADO,MOSTRADOR,SUC-22-INGRESO Y CONTROL 
,0131-03725317,FACTURA DE COMPRA POS,,"$ 21.831,91",26/12/2025,26/01/2026,BIOSALUD CHACRAS ,INGRESADO,MOSTRADOR,SUC-22-INGRESO Y CONTROL 
,0131-03725405,FACTURA DE COMPRA POS,,"$ 206.435,29",26/12/2025,26/01/2026,FCIA BIOSALUD,INGRESADO,MOSTRADOR,SUC-22-INGRESO Y CONTROL 
,0131-03725408,FACTURA DE COMPRA POS,,"$ 10.977,04",26/12/2025,26/01/2026,FCIA BIOSALUD,INGRESADO,MOSTRADOR,SUC-22-INGRESO Y CONTROL 
,0131-03725387,FACTURA DE COMPRA POS,,"$ 1.868.918,53",26/12/2025,26/01/2026,BIOSALUD CHACRAS ,INGRESADO,MOSTRADOR,SUC-22-INGRESO Y CONTROL 
,0131-03725406,FACTURA DE COMPRA POS,,"$ 46.037,10",26/12/2025,26/01/2026,BIOSALUD CHACRAS ,INGRESADO,MOSTRADOR,SUC-22-INGRESO Y CONTROL 
,0131-03725388,FACTURA DE COMPRA POS,,"$ 151.469,43",26/12/2025,26/01/2026,BIOSALUD CHACRAS ,INGRESADO,MOSTRADOR,SUC-22-INGRESO Y CONTROL 
,0131-03726065,FACTURA DE COMPRA POS,,"$ 77.295,79",27/12/2025,27/01/2026,BIOSALUD CHACRAS ,INGRESADO,MOSTRADOR,SUC-22-INGRESO Y CONTROL 
,0131-037269066,FACTURA DE COMPRA POS,,"$ 48.162,38",27/12/2025,27/01/2026,BIOSALUD CHACRAS ,INGRESADO,MOSTRADOR,SUC-22-INGRESO Y CONTROL 
,0131-03726064,FACTURA DE COMPRA POS,,"$ 4.694,08",27/12/2025,06/01/2026,BIOSALUD CHACRAS ,INGRESADO,MOSTRADOR,SUC-22-INGRESO Y CONTROL 
,0131-03726115,FACTURA DE COMPRA POS,,"$ 42.827,95",27/12/2025,27/01/2026,FCIA BIOSALUD,INGRESADO,MOSTRADOR,SUC-22-INGRESO Y CONTROL 
,0131-03726711,FACTURA DE COMPRA POS,,"$ 136.898,73",29/12/2025,29/01/2026,BIOSALUD CHACRAS ,INGRESADO,MOSTRADOR,SUC-22-INGRESO Y CONTROL 
,0131-03726710,FACTURA DE COMPRA POS,,"$ 799.031,67",29/12/2025,29/01/2026,BIOSALUD CHACRAS ,INGRESADO,MOSTRADOR,SUC-22-INGRESO Y CONTROL 
,0131-03726738,FACTURA DE COMPRA POS,,"$ 92.646,39",29/12/2025,29/01/2026,FCIA BIOSALUD,INGRESADO,MOSTRADOR,SUC-22-INGRESO Y CONTROL 
,0131-03726737,FACTURA DE COMPRA POS,,"$ 1.195.837,64",29/12/2025,29/01/2026,FCIA BIOSALUD,INGRESADO,MOSTRADOR,SUC-22-INGRESO Y CONTROL 
,0131-03726796,FACTURA DE COMPRA POS,,"$ 36.986,99",29/12/2025,29/01/2026,BIOSALUD CHACRAS ,INGRESADO,MOSTRADOR,SUC-22-INGRESO Y CONTROL 
,0131-03726809,FACTURA DE COMPRA POS,,"$ 37.101,54",29/12/2025,29/01/2026,BIOSALUD CHACRAS ,INGRESADO,MOSTRADOR,SUC-22-INGRESO Y CONTROL 
,0131-03726942,FACTURA DE COMPRA POS,,"$ 34.126,67",29/12/2025,29/01/2026,FCIA BIOSALUD,INGRESADO,MOSTRADOR,SUC-22-INGRESO Y CONTROL 
,0131-03727169,FACTURA DE COMPRA POS,,"$ 7.499,65",29/12/2025,29/01/2026,FCIA BIOSALUD,INGRESADO,MOSTRADOR,SUC-22-INGRESO Y CONTROL 
,0131-03726943,FACTURA DE COMPRA POS,,"$ 137.555,61",29/12/2025,29/01/2026,BIOSALUD CHACRAS ,INGRESADO,MOSTRADOR,SUC-22-INGRESO Y CONTROL 
,0131-03727248,FACTURA DE COMPRA POS,,"$ 1.304.862,52",29/12/2025,29/01/2026,FCIA BIOSALUD,INGRESADO,MOSTRADOR,SUC-22-INGRESO Y CONTROL 
,0131-03727249,FACTURA DE COMPRA POS,,"$ 65.166,93",29/12/2025,29/01/2026,FCIA BIOSALUD,INGRESADO,MOSTRADOR,SUC-22-INGRESO Y CONTROL 
,0131-03728182,FACTURA DE COMPRA POS,,"$ 26.886,88",30/12/2025,30/01/2026,FCIA BIOSALUD,INGRESADO,MOSTRADOR,SUC-22-INGRESO Y CONTROL 
,0131-03728033,FACTURA DE COMPRA POS,,"$ 42.267,21",30/12/2025,30/01/2026,BIOSALUD CHACRAS ,INGRESADO,MOSTRADOR,SUC-22-INGRESO Y CONTROL 
,0131-03728732,FACTURA DE COMPRA POS,,"$ 508.514,12",30/12/2025,30/01/2026,BIOSALUD CHACRAS ,INGRESADO,MOSTRADOR,SUC-22-INGRESO Y CONTROL 
,0131-03728733,FACTURA DE COMPRA POS,,"$ 59.644,38",30/12/2025,30/01/2026,BIOSALUD CHACRAS ,INGRESADO,MOSTRADOR,SUC-22-INGRESO Y CONTROL 
,0131-03728816,FACTURA DE COMPRA POS,,"$ 128.036,05",30/12/2025,30/01/2026,FCIA BIOSALUD,INGRESADO,MOSTRADOR,SUC-22-INGRESO Y CONTROL 
,0131-03728731,FACTURA DE COMPRA POS,,"$ 71.346,21",30/12/2025,30/01/2026,BIOSALUD CHACRAS ,INGRESADO,MOSTRADOR,SUC-22-INGRESO Y CONTROL 
,0131-03728282,FACTURA DE COMPRA POS,,"$ 67.286,42",30/12/2025,30/01/2026,BIOSALUD CHACRAS ,INGRESADO,MOSTRADOR,SUC-22-INGRESO Y CONTROL 
,0131-03728585,FACTURA DE COMPRA POS,,"$ 735.018,27",30/12/2025,30/01/2026,FCIA BIOSALUD,INGRESADO,MOSTRADOR,SUC-22-INGRESO Y CONTROL 
,0131-03729288,FACTURA DE COMPRA POS,,"$ 4.210,40",31/12/2025,31/01/2026,FCIA BIOSALUD,INGRESADO,MOSTRADOR,SUC-22-INGRESO Y CONTROL 
,0131-03729289,FACTURA DE COMPRA POS,,"$ 14.443,52",31/12/2025,31/01/2026,FCIA BIOSALUD,INGRESADO,MOSTRADOR,SUC-22-INGRESO Y CONTROL 
,0131-03729290,FACTURA DE COMPRA POS,,"$ 11.691,82",31/12/2025,31/01/2026,FCIA BIOSALUD,INGRESADO,MOSTRADOR,SUC-22-INGRESO Y CONTROL 
,0131-03729754,FACTURA DE COMPRA POS,,"$ 27.341,84",31/12/2025,31/01/2026,BIOSALUD CHACRAS ,INGRESADO,MOSTRADOR,SUC-22-INGRESO Y CONTROL 
DISTRIFAR SA,00004-00117954,FACTURA DE COMPRA POS,,"$ 300.900,00",23/12/2025,23/01/2026,FCIA BIOSALUD,INGRESADO,MOSTRADOR,SUC-22-INGRESO Y CONTROL 
FCIA BIOSALUD (PR),0001-00000677,FACTURA DE COMPRA POS,,"$ 16.700,00",22/12/2025,22/01/2026,BIOSALUD CHACRAS ,INGRESADO,MOSTRADOR,SUC-22-INGRESO Y CONTROL 
GRUPO MONJES SRL,0000200015427,FACTURA DE COMPRA POS,,"$ 66.103,81",22/12/2025,22/01/2026,BIOSALUD CHACRAS ,INGRESADO,MOSTRADOR,SUC-22-INGRESO Y CONTROL 
JDM DISTRIBUCIONES,00002-00015262,FACTURA DE COMPRA POS,,"$ 102.871,13",01/12/2025,01/01/2026,BIOSALUD CHACRAS ,INGRESADO,MOSTRADOR,SUC-22-INGRESO Y CONTROL 
MARTIN JORGE DANIEL Y SOTO BELLO ,0005-00016510,FACTURA DE COMPRA POS,,"$ 51.866,35",09/12/2025,09/01/2026,FCIA BIOSALUD,INGRESADO,MOSTRADOR,SUC-22-INGRESO Y CONTROL 
,0005-0000001621,NOTA DE CREDITO DE ,,"-$ 40.857,60",16/12/2025,15/01/2026,FCIA BIOSALUD,INGRESADO,,PVD-07-INGRESAR NOTA DE 
,0005-0000016544,FACTURA DE COMPRA,,"$ 42.542,30",16/12/2025,15/01/2026,FCIA BIOSALUD,INGRESADO,,PVD-03-INGRESAR FACTURA 
MEDIMARTIN SAS,0005-0000016570,FACTURA DE COMPRA POS,,"$ 85.646,48",19/12/2025,19/01/2026,FCIA BIOSALUD,INGRESADO,MOSTRADOR,SUC-22-INGRESO Y CONTROL 
MONROE AMERICANA SA (DROG),1125-06269889,FACTURA DE COMPRA POS,,"$ 190.408,48",01/12/2025,01/01/2026,FCIA BIOSALUD,IGNORADO,MOSTRADOR,SUC-22-INGRESO Y CONTROL 
,,,,,,,,,,FTW-02-DESHACER 
,,,,,,,,,,FTW-01-EDITAR VALORES
,1125-06269889,FACTURA DE COMPRA POS,,"$ 190.408,48",01/12/2025,01/01/2026,BIOSALUD CHACRAS ,AGRUPADO,MOSTRADOR,PVD-17-ARMAR RESUMEN DE 
,,,,,,,,,,SUC-22-INGRESO Y CONTROL 
,1125-06269593,FACTURA DE COMPRA POS,,"$ 29.992,78",01/12/2025,01/01/2026,BIOSALUD CHACRAS ,AGRUPADO,MOSTRADOR,PVD-17-ARMAR RESUMEN DE 
,,,,,,,,,,SUC-22-INGRESO Y CONTROL 
,1125-06270023,FACTURA DE COMPRA POS,,"$ 161.538,78",01/12/2025,01/01/2026,FCIA BIOSALUD,AGRUPADO,MOSTRADOR,PVD-17-ARMAR RESUMEN DE 
,,,,,,,,,,SUC-22-INGRESO Y CONTROL 
,1125-06271627,FACTURA DE COMPRA POS,,"$ 315.175,74",02/12/2025,02/01/2026,FCIA BIOSALUD,AGRUPADO,MOSTRADOR,PVD-17-ARMAR RESUMEN DE 
,,,,,,,,,,SUC-22-INGRESO Y CONTROL 
,1125-06271689,FACTURA DE COMPRA POS,,"$ 62.914,24",02/12/2025,02/01/2026,FCIA BIOSALUD,AGRUPADO,MOSTRADOR,PVD-17-ARMAR RESUMEN DE 
,,,,,,,,,,SUC-22-INGRESO Y CONTROL 
,1125-06271660,FACTURA DE COMPRA POS,,"$ 83.864,91",02/12/2025,02/01/2026,FCIA BIOSALUD,AGRUPADO,MOSTRADOR,PVD-17-ARMAR RESUMEN DE 
,,,,,,,,,,SUC-22-INGRESO Y CONTROL 
,1125-06271305,FACTURA DE COMPRA POS,,"$ 26.696,65",02/12/2025,02/01/2026,BIOSALUD CHACRAS ,AGRUPADO,MOSTRADOR,PVD-17-ARMAR RESUMEN DE 
,,,,,,,,,,SUC-22-INGRESO Y CONTROL 
,1125-06272222,FACTURA DE COMPRA POS,,"$ 11.416,49",03/12/2025,03/01/2026,FCIA BIOSALUD,AGRUPADO,MOSTRADOR,PVD-17-ARMAR RESUMEN DE 
,,,,,,,,,,SUC-22-INGRESO Y CONTROL 
,,,,,,,,,,FTW-02-DESHACER 
,,,,,,,,,,FTW-01-EDITAR VALORES
,1125-06272602,FACTURA DE COMPRA POS,,"$ 756.946,08",03/12/2025,03/01/2026,FCIA BIOSALUD,AGRUPADO,MOSTRADOR,PVD-17-ARMAR RESUMEN DE 
,,,,,,,,,,SUC-22-INGRESO Y CONTROL 
,1125-06274272,FACTURA DE COMPRA POS,,"$ 32.525,08",04/12/2025,04/01/2026,FCIA BIOSALUD,AGRUPADO,MOSTRADOR,PVD-17-ARMAR RESUMEN DE 
,,,,,,,,,,SUC-22-INGRESO Y CONTROL 
,1125-06274249,FACTURA DE COMPRA POS,,"$ 211.919,90",04/12/2025,04/01/2026,FCIA BIOSALUD,AGRUPADO,MOSTRADOR,PVD-17-ARMAR RESUMEN DE 
,,,,,,,,,,SUC-22-INGRESO Y CONTROL 
,1125-06274171,FACTURA DE COMPRA POS,,"$ 30.175,13",04/12/2025,04/01/2026,FCIA BIOSALUD,AGRUPADO,MOSTRADOR,PVD-17-ARMAR RESUMEN DE 
,,,,,,,,,,SUC-22-INGRESO Y CONTROL 
,1125-06273401,FACTURA DE COMPRA POS,,"$ 38.444,30",04/12/2025,04/01/2026,FCIA BIOSALUD,AGRUPADO,MOSTRADOR,PVD-17-ARMAR RESUMEN DE 
,,,,,,,,,,SUC-22-INGRESO Y CONTROL 
,1125-06273884,FACTURA DE COMPRA POS,,"$ 8.357,79",04/12/2025,04/01/2026,FCIA BIOSALUD,AGRUPADO,MOSTRADOR,PVD-17-ARMAR RESUMEN DE 
,,,,,,,,,,SUC-22-INGRESO Y CONTROL 
,1125-06274104,FACTURA DE COMPRA POS,,"$ 21.116,03",04/12/2025,04/01/2026,FCIA BIOSALUD,AGRUPADO,MOSTRADOR,PVD-17-ARMAR RESUMEN DE 
,,,,,,,,,,SUC-22-INGRESO Y CONTROL 
,1125-06273869,FACTURA DE COMPRA POS,,"$ 19.071,74",04/12/2025,04/01/2026,FCIA BIOSALUD,AGRUPADO,MOSTRADOR,PVD-17-ARMAR RESUMEN DE 
,,,,,,,,,,SUC-22-INGRESO Y CONTROL 
,1125-06273932,FACTURA DE COMPRA POS,,"$ 757.293,25",04/12/2025,04/01/2026,FCIA BIOSALUD,AGRUPADO,MOSTRADOR,PVD-17-ARMAR RESUMEN DE 
,,,,,,,,,,SUC-22-INGRESO Y CONTROL 
,1125-06275265,FACTURA DE COMPRA POS,,"$ 45.505,15",05/12/2025,05/01/2026,BIOSALUD CHACRAS ,AGRUPADO,MOSTRADOR,PVD-17-ARMAR RESUMEN DE 
,,,,,,,,,,SUC-22-INGRESO Y CONTROL 
,1125-06275132,FACTURA DE COMPRA POS,,"$ 8.966,30",05/12/2025,05/01/2026,FCIA BIOSALUD,INGRESADO,MOSTRADOR,SUC-22-INGRESO Y CONTROL 
,1125-06275192,FACTURA DE COMPRA POS,,"$ 41.340,83",05/12/2025,05/01/2026,FCIA BIOSALUD,INGRESADO,MOSTRADOR,SUC-22-INGRESO Y CONTROL 
,1125-06276184,FACTURA DE COMPRA POS,,"$ 46.320,86",06/12/2025,06/01/2026,BIOSALUD CHACRAS ,AGRUPADO,MOSTRADOR,PVD-17-ARMAR RESUMEN DE 
,,,,,,,,,,SUC-22-INGRESO Y CONTROL 
,1125-06276111,FACTURA DE COMPRA POS,,"$ 36.264,58",06/12/2025,06/01/2026,FCIA BIOSALUD,INGRESADO,MOSTRADOR,SUC-22-INGRESO Y CONTROL 
,1125-06277017,FACTURA DE COMPRA POS,,"$ 63.236,39",09/12/2025,09/01/2026,FCIA BIOSALUD,IGNORADO,MOSTRADOR,SUC-22-INGRESO Y CONTROL 
,,,,,,,,,,FTW-02-DESHACER 
,,,,,,,,,,FTW-01-EDITAR VALORES
,1125-06277247,FACTURA DE COMPRA POS,,"$ 75.641,11",09/12/2025,09/01/2026,BIOSALUD CHACRAS ,AGRUPADO,MOSTRADOR,PVD-17-ARMAR RESUMEN DE 
,,,,,,,,,,SUC-22-INGRESO Y CONTROL 
,1125-06277017,FACTURA DE COMPRA POS,,"$ 55.088,63",09/12/2025,09/01/2026,BIOSALUD CHACRAS ,AGRUPADO,MOSTRADOR,PVD-17-ARMAR RESUMEN DE 
,,,,,,,,,,SUC-22-INGRESO Y CONTROL 
,1125-06277426,FACTURA DE COMPRA POS,,"$ 75.641,11",09/12/2025,09/01/2026,BIOSALUD CHACRAS ,AGRUPADO,MOSTRADOR,PVD-17-ARMAR RESUMEN DE 
,,,,,,,,,,SUC-22-INGRESO Y CONTROL 
,1125-06277411,FACTURA DE COMPRA POS,,"$ 40.829,43",09/12/2025,09/01/2026,FCIA BIOSALUD,INGRESADO,MOSTRADOR,SUC-22-INGRESO Y CONTROL 
,1125-06277434,FACTURA DE COMPRA POS,,"$ 492.042,97",09/12/2025,09/01/2026,FCIA BIOSALUD,INGRESADO,MOSTRADOR,SUC-22-INGRESO Y CONTROL 
,1125-06277136,FACTURA DE COMPRA POS,,"$ 480.078,85",09/12/2025,09/01/2026,FCIA BIOSALUD,INGRESADO,MOSTRADOR,SUC-22-INGRESO Y CONTROL 
,1125-06277021,FACTURA DE COMPRA POS,,"$ 40.624,72",09/12/2025,09/01/2026,BIOSALUD CHACRAS ,AGRUPADO,MOSTRADOR,PVD-17-ARMAR RESUMEN DE 
,,,,,,,,,,SUC-22-INGRESO Y CONTROL 
,1125-06278940,FACTURA DE COMPRA POS,,"$ 13.675,40",10/12/2025,10/12/2026,BIOSALUD CHACRAS ,AGRUPADO,MOSTRADOR,PVD-17-ARMAR RESUMEN DE 
,,,,,,,,,,SUC-22-INGRESO Y CONTROL 
,1125-06278958,FACTURA DE COMPRA POS,,"$ 94.874,48",10/12/2025,10/01/2026,BIOSALUD CHACRAS ,AGRUPADO,MOSTRADOR,PVD-17-ARMAR RESUMEN DE 
,,,,,,,,,,SUC-22-INGRESO Y CONTROL 
,1125-06278677,FACTURA DE COMPRA POS,,"$ 94.874,48",10/12/2025,10/01/2026,BIOSALUD CHACRAS ,AGRUPADO,MOSTRADOR,PVD-17-ARMAR RESUMEN DE 
,,,,,,,,,,SUC-22-INGRESO Y CONTROL 
,1125-06278682,FACTURA DE COMPRA POS,,"$ 18.337,92",10/12/2025,10/01/2026,BIOSALUD CHACRAS ,AGRUPADO,MOSTRADOR,PVD-17-ARMAR RESUMEN DE 
,,,,,,,,,,SUC-22-INGRESO Y CONTROL 
,1125-06278779,FACTURA DE COMPRA POS,,"$ 7.221,14",10/12/2025,10/01/2026,FCIA BIOSALUD,INGRESADO,MOSTRADOR,SUC-22-INGRESO Y CONTROL 
,1125-00877491,NOTA DE CREDITO DE ,,"-$ 106.165,23",11/12/2025,11/01/2026,BIOSALUD CHACRAS ,AGRUPADO,,PVD-17-ARMAR RESUMEN DE 
,,,,,,,,,,PVD-07-INGRESAR NOTA DE 
,1125-06279726,FACTURA DE COMPRA POS,,"$ 13.070,98",11/12/2025,11/01/2026,FCIA BIOSALUD,INGRESADO,MOSTRADOR,SUC-22-INGRESO Y CONTROL 
,1125-06279724,FACTURA DE COMPRA POS,,"$ 21.379,02",11/12/2025,11/01/2026,FCIA BIOSALUD,INGRESADO,MOSTRADOR,SUC-22-INGRESO Y CONTROL 
,1125-06280462,FACTURA DE COMPRA POS,,"$ 170.900,18",11/12/2025,12/01/2026,FCIA BIOSALUD,INGRESADO,MOSTRADOR,SUC-22-INGRESO Y CONTROL 
,1125-06279967,FACTURA DE COMPRA POS,,"$ 93.711,62",11/12/2025,11/01/2026,FCIA BIOSALUD,INGRESADO,MOSTRADOR,SUC-22-INGRESO Y CONTROL 
,1125-06280794,FACTURA DE COMPRA POS,,"$ 20.502,96",12/12/2025,12/01/2026,BIOSALUD CHACRAS ,AGRUPADO,MOSTRADOR,PVD-17-ARMAR RESUMEN DE 
,,,,,,,,,,SUC-22-INGRESO Y CONTROL 
,1125-06281246,FACTURA DE COMPRA POS,,"$ 144.712,33",12/12/2025,12/01/2026,FCIA BIOSALUD,INGRESADO,MOSTRADOR,SUC-22-INGRESO Y CONTROL 
,1125-06283204,FACTURA DE COMPRA POS,,"$ 96.614,67",15/12/2025,15/01/2026,FCIA BIOSALUD,INGRESADO,MOSTRADOR,SUC-22-INGRESO Y CONTROL 
,1125-06283244,FACTURA DE COMPRA POS,,"$ 4.012,79",15/12/2025,15/01/2026,FCIA BIOSALUD,INGRESADO,MOSTRADOR,SUC-22-INGRESO Y CONTROL 
,1125-06283203,FACTURA DE COMPRA POS,,"$ 29.825,53",15/12/2025,15/01/2026,FCIA BIOSALUD,INGRESADO,MOSTRADOR,SUC-22-INGRESO Y CONTROL 
,1125-06283243,FACTURA DE COMPRA POS,,"$ 1.218.115,74",15/12/2025,15/01/2026,FCIA BIOSALUD,INGRESADO,MOSTRADOR,SUC-22-INGRESO Y CONTROL 
,1125-06283626,FACTURA DE COMPRA POS,,"$ 405.444,96",15/12/2025,15/01/2026,FCIA BIOSALUD,INGRESADO,MOSTRADOR,SUC-22-INGRESO Y CONTROL 
,1125-06282928,FACTURA DE COMPRA POS,,"$ 9.393,91",15/12/2025,15/01/2026,BIOSALUD CHACRAS ,AGRUPADO,MOSTRADOR,PVD-17-ARMAR RESUMEN DE 
,,,,,,,,,,SUC-22-INGRESO Y CONTROL 
,1125-06282802,FACTURA DE COMPRA POS,,"$ 85.268,54",15/12/2025,15/01/2026,BIOSALUD CHACRAS ,AGRUPADO,MOSTRADOR,PVD-17-ARMAR RESUMEN DE 
,,,,,,,,,,SUC-22-INGRESO Y CONTROL 
,1125-06282863,FACTURA DE COMPRA POS,,"$ 111.479,66",15/12/2025,15/01/2026,FCIA BIOSALUD,INGRESADO,MOSTRADOR,SUC-22-INGRESO Y CONTROL 
,1125-06283427,FACTURA DE COMPRA POS,,"$ 116.821,49",15/12/2025,15/01/2026,FCIA BIOSALUD,INGRESADO,MOSTRADOR,SUC-22-INGRESO Y CONTROL 
,1125-06283235,FACTURA DE COMPRA POS,,"$ 62.280,45",15/12/2025,15/01/2026,FCIA BIOSALUD,INGRESADO,MOSTRADOR,SUC-22-INGRESO Y CONTROL 
,1125-06283306,FACTURA DE COMPRA POS,,"$ 80.693,91",15/12/2025,15/01/2026,FCIA BIOSALUD,INGRESADO,MOSTRADOR,SUC-22-INGRESO Y CONTROL 
,1125-06284982,FACTURA DE COMPRA POS,,"$ 318.596,84",16/12/2025,16/01/2026,BIOSALUD CHACRAS ,AGRUPADO,MOSTRADOR,PVD-17-ARMAR RESUMEN DE 
,,,,,,,,,,SUC-22-INGRESO Y CONTROL 
,1125-06284619,FACTURA DE COMPRA POS,,"$ 251.407,63",16/12/2025,16/01/2026,BIOSALUD CHACRAS ,AGRUPADO,MOSTRADOR,PVD-17-ARMAR RESUMEN DE 
,,,,,,,,,,SUC-22-INGRESO Y CONTROL 
,1125-06284632,FACTURA DE COMPRA POS,,"$ 520.268,35",16/12/2025,16/01/2026,FCIA BIOSALUD,INGRESADO,MOSTRADOR,SUC-22-INGRESO Y CONTROL 
,1125-06284538,FACTURA DE COMPRA POS,,"$ 5.483,13",16/12/2025,16/01/2026,FCIA BIOSALUD,INGRESADO,MOSTRADOR,SUC-22-INGRESO Y CONTROL 
,1125-06285469,FACTURA DE COMPRA POS,,"$ 72.929,21",17/12/2025,17/01/2026,FCIA BIOSALUD,INGRESADO,MOSTRADOR,SUC-22-INGRESO Y CONTROL 
,1125-06285543,FACTURA DE COMPRA POS,,"$ 568.484,78",17/12/2025,17/01/2026,FCIA BIOSALUD,INGRESADO,MOSTRADOR,SUC-22-INGRESO Y CONTROL 
,1125-06285899,FACTURA DE COMPRA POS,,"$ 1.750,90",17/12/2025,17/01/2026,FCIA BIOSALUD,INGRESADO,MOSTRADOR,SUC-22-INGRESO Y CONTROL 
,1125-06285927,FACTURA DE COMPRA POS,,"$ 66.118,86",17/12/2025,17/01/2026,FCIA BIOSALUD,INGRESADO,MOSTRADOR,SUC-22-INGRESO Y CONTROL 
,1125-06286014,FACTURA DE COMPRA POS,,"$ 193.043,09",17/12/2025,17/01/2026,BIOSALUD CHACRAS ,AGRUPADO,MOSTRADOR,PVD-17-ARMAR RESUMEN DE 
,,,,,,,,,,SUC-22-INGRESO Y CONTROL 
,1125-06287644,FACTURA DE COMPRA POS,,"$ 406.884,27",18/12/2025,18/01/2026,FCIA BIOSALUD,INGRESADO,MOSTRADOR,SUC-22-INGRESO Y CONTROL 
,1125-06287864,FACTURA DE COMPRA POS,,"$ 10.516,16",18/12/2025,18/01/2026,FCIA BIOSALUD,INGRESADO,MOSTRADOR,SUC-22-INGRESO Y CONTROL 
,1125-06287170,FACTURA DE COMPRA POS,,"$ 4.898,31",18/12/2025,18/01/2026,FCIA BIOSALUD,INGRESADO,MOSTRADOR,SUC-22-INGRESO Y CONTROL 
,1125-06287235,FACTURA DE COMPRA POS,,"$ 338.793,63",18/12/2025,18/01/2026,FCIA BIOSALUD,INGRESADO,MOSTRADOR,SUC-22-INGRESO Y CONTROL 
,1125-06287335,FACTURA DE COMPRA POS,,"$ 226.822,41",18/12/2025,18/01/2026,BIOSALUD CHACRAS ,AGRUPADO,MOSTRADOR,PVD-17-ARMAR RESUMEN DE 
,,,,,,,,,,SUC-22-INGRESO Y CONTROL 
,1125-06288768,FACTURA DE COMPRA POS,,"$ 380.633,90",19/12/2025,19/01/2026,FCIA BIOSALUD,INGRESADO,MOSTRADOR,SUC-22-INGRESO Y CONTROL 
,1125-06288711,FACTURA DE COMPRA POS,,"$ 88.839,45",19/12/2025,19/01/2026,BIOSALUD CHACRAS ,INGRESADO,MOSTRADOR,SUC-22-INGRESO Y CONTROL 
,1125-06290832,FACTURA DE COMPRA POS,,"$ 50.298,88",22/12/2025,22/01/2026,FCIA BIOSALUD,INGRESADO,MOSTRADOR,SUC-22-INGRESO Y CONTROL 
,1125-06290753,FACTURA DE COMPRA POS,,"$ 22.914,26",22/12/2025,22/01/2026,BIOSALUD CHACRAS ,INGRESADO,MOSTRADOR,SUC-22-INGRESO Y CONTROL 
,1125-06290604,FACTURA DE COMPRA POS,,"$ 35.864,42",22/12/2025,22/01/2026,BIOSALUD CHACRAS ,INGRESADO,MOSTRADOR,SUC-22-INGRESO Y CONTROL 
,1125-06292439,FACTURA DE COMPRA POS,,"$ 393.384,05",23/12/2025,23/01/2026,BIOSALUD CHACRAS ,INGRESADO,MOSTRADOR,SUC-22-INGRESO Y CONTROL 
,1125-06291825,FACTURA DE COMPRA POS,,"$ 91.808,57",23/12/2025,23/01/2026,BIOSALUD CHACRAS ,INGRESADO,MOSTRADOR,SUC-22-INGRESO Y CONTROL 
,1125-06292155,FACTURA DE COMPRA POS,,"$ 71.672,44",23/12/2025,23/01/2026,FCIA BIOSALUD,INGRESADO,MOSTRADOR,SUC-22-INGRESO Y CONTROL 
,1125-06292130,FACTURA DE COMPRA POS,,"$ 63.454,18",23/12/2025,23/01/2026,BIOSALUD CHACRAS ,INGRESADO,MOSTRADOR,SUC-22-INGRESO Y CONTROL 
,1125-06293042,FACTURA DE COMPRA POS,,"$ 47.386,24",24/12/2025,24/01/2026,BIOSALUD CHACRAS ,INGRESADO,MOSTRADOR,SUC-22-INGRESO Y CONTROL 
,1125-06293058,FACTURA DE COMPRA POS,,"$ 62.840,96",24/12/2025,24/01/2026,FCIA BIOSALUD,INGRESADO,MOSTRADOR,SUC-22-INGRESO Y CONTROL 
,1125-06293067,FACTURA DE COMPRA POS,,"$ 28.400,80",24/12/2025,24/01/2026,FCIA BIOSALUD,INGRESADO,MOSTRADOR,SUC-22-INGRESO Y CONTROL 
,1125-06293077,FACTURA DE COMPRA POS,,"$ 7.461,99",24/12/2025,24/01/2026,FCIA BIOSALUD,INGRESADO,MOSTRADOR,SUC-22-INGRESO Y CONTROL 
,1125-06293064,FACTURA DE COMPRA POS,,"$ 36.421,68",24/12/2025,24/01/2026,FCIA BIOSALUD,INGRESADO,MOSTRADOR,SUC-22-INGRESO Y CONTROL 
,1125-06293596,FACTURA DE COMPRA POS,,"$ 307.240,34",26/12/2025,26/01/2026,BIOSALUD CHACRAS ,INGRESADO,MOSTRADOR,SUC-22-INGRESO Y CONTROL 
,1125-06293688,FACTURA DE COMPRA POS,,"$ 56.042,58",26/12/2025,26/01/2026,FCIA BIOSALUD,INGRESADO,MOSTRADOR,SUC-22-INGRESO Y CONTROL 
,1125-06293698,FACTURA DE COMPRA POS,,"$ 58.575,90",26/12/2025,26/01/2026,FCIA BIOSALUD,INGRESADO,MOSTRADOR,SUC-22-INGRESO Y CONTROL 
,1125-06293605,FACTURA DE COMPRA POS,,"$ 13.721,31",26/12/2025,26/01/2026,FCIA BIOSALUD,INGRESADO,MOSTRADOR,SUC-22-INGRESO Y CONTROL 
,1125-06294159,FACTURA DE COMPRA POS,,"$ 1.314.323,84",26/12/2025,26/01/2026,FCIA BIOSALUD,INGRESADO,MOSTRADOR,SUC-22-INGRESO Y CONTROL 
,1125-06294167,FACTURA DE COMPRA POS,,"$ 50.663,69",26/12/2025,26/01/2026,FCIA BIOSALUD,INGRESADO,MOSTRADOR,SUC-22-INGRESO Y CONTROL 
,1125-06295041,FACTURA DE COMPRA POS,,"$ 103.116,69",27/12/2025,27/01/2026,FCIA BIOSALUD,INGRESADO,MOSTRADOR,SUC-22-INGRESO Y CONTROL 
,1125-06295040,FACTURA DE COMPRA POS,,"$ 34.286,67",27/12/2025,28/01/2026,BIOSALUD CHACRAS ,INGRESADO,MOSTRADOR,SUC-22-INGRESO Y CONTROL 
,1125-06296520,FACTURA DE COMPRA POS,,"$ 7.093,91",29/12/2025,29/01/2026,BIOSALUD CHACRAS ,INGRESADO,MOSTRADOR,SUC-22-INGRESO Y CONTROL 
,1125-06295673,FACTURA DE COMPRA POS,,"$ 359.181,09",29/12/2025,29/01/2026,BIOSALUD CHACRAS ,INGRESADO,MOSTRADOR,SUC-22-INGRESO Y CONTROL 
,1125-06295749,FACTURA DE COMPRA POS,,"$ 140.198,86",29/12/2025,29/01/2026,BIOSALUD CHACRAS ,INGRESADO,MOSTRADOR,SUC-22-INGRESO Y CONTROL 
,1125-06296665,FACTURA DE COMPRA POS,,"$ 23.188,23",29/12/2025,29/01/2026,FCIA BIOSALUD,INGRESADO,MOSTRADOR,SUC-22-INGRESO Y CONTROL 
,1125-06295705,FACTURA DE COMPRA POS,,"$ 87.077,36",29/12/2025,29/01/2026,FCIA BIOSALUD,INGRESADO,MOSTRADOR,SUC-22-INGRESO Y CONTROL 
,1125-06295819,FACTURA DE COMPRA POS,,"$ 65.016,09",29/12/2025,29/01/2026,FCIA BIOSALUD,INGRESADO,MOSTRADOR,SUC-22-INGRESO Y CONTROL 
,1125-06295766,FACTURA DE COMPRA POS,,"$ 53.872,19",29/12/2025,29/01/2026,FCIA BIOSALUD,INGRESADO,MOSTRADOR,SUC-22-INGRESO Y CONTROL 
,1125-06297790,FACTURA DE COMPRA POS,,"$ 33.036,32",30/12/2025,30/01/2026,FCIA BIOSALUD,INGRESADO,MOSTRADOR,SUC-22-INGRESO Y CONTROL 
,1125-06297808,FACTURA DE COMPRA POS,,"$ 58.298,96",30/12/2025,30/01/2026,FCIA BIOSALUD,INGRESADO,MOSTRADOR,SUC-22-INGRESO Y CONTROL 
,1125-06297792,FACTURA DE COMPRA POS,,"$ 115.195,39",30/12/2025,30/01/2026,FCIA BIOSALUD,INGRESADO,MOSTRADOR,SUC-22-INGRESO Y CONTROL 
,1125-06297742,FACTURA DE COMPRA POS,,"$ 208.930,92",30/12/2025,30/01/2026,BIOSALUD CHACRAS ,INGRESADO,MOSTRADOR,SUC-22-INGRESO Y CONTROL 
,1125-06298557,FACTURA DE COMPRA POS,,"$ 46.272,80",31/12/2025,31/01/2026,FCIA BIOSALUD,INGRESADO,MOSTRADOR,SUC-22-INGRESO Y CONTROL 
,1125-06298549,FACTURA DE COMPRA POS,,"$ 51.015,64",31/12/2025,31/01/2026,FCIA BIOSALUD,INGRESADO,MOSTRADOR,SUC-22-INGRESO Y CONTROL 
,1125-06298578,FACTURA DE COMPRA POS,,"$ 54.871,57",31/12/2025,31/01/2026,FCIA BIOSALUD,INGRESADO,MOSTRADOR,SUC-22-INGRESO Y CONTROL 
POLYQUIMICA S.R.L.,0003-00012215,FACTURA DE COMPRA POS,,"$ 26.145,93",05/12/2025,05/01/2026,FCIA BIOSALUD,INGRESADO,MOSTRADOR,SUC-22-INGRESO Y CONTROL 
,0003-00012288,FACTURA DE COMPRA POS,,"$ 54.176,35",23/12/2025,23/01/2026,BIOSALUD CHACRAS ,INGRESADO,MOSTRADOR,SUC-22-INGRESO Y CONTROL 
,0003-00012299,FACTURA DE COMPRA POS,,"$ 1.255.931,52",24/12/2025,24/01/2026,FCIA BIOSALUD,INGRESADO,MOSTRADOR,SUC-22-INGRESO Y CONTROL 
PORCEL ALDECO MELISA GRISELDA,00003-00000286,FACTURA DE COMPRA POS,,"$ 35.700,00",15/12/2025,15/01/2026,FCIA BIOSALUD,PAGADO,MOSTRADOR,SUC-22-INGRESO Y CONTROL 
,,,,,,,,,,PVD-19-PAGAR COMP. LIQ. 
